-- phpMyAdmin SQL Dump
-- version 4.6.5.2
-- https://www.phpmyadmin.net/
--
-- Host: 127.0.0.1
-- Generation Time: May 22, 2017 at 06:42 PM
-- Server version: 10.1.21-MariaDB
-- PHP Version: 5.6.30

SET SQL_MODE = "NO_AUTO_VALUE_ON_ZERO";
SET time_zone = "+00:00";


/*!40101 SET @OLD_CHARACTER_SET_CLIENT=@@CHARACTER_SET_CLIENT */;
/*!40101 SET @OLD_CHARACTER_SET_RESULTS=@@CHARACTER_SET_RESULTS */;
/*!40101 SET @OLD_COLLATION_CONNECTION=@@COLLATION_CONNECTION */;
/*!40101 SET NAMES utf8mb4 */;

--
-- Database: `store`
--

-- --------------------------------------------------------

--
-- Table structure for table `brands`
--

CREATE TABLE `brands` (
  `id` int(10) UNSIGNED NOT NULL,
  `brand_name` varchar(255) COLLATE utf8_unicode_ci NOT NULL,
  `created_at` timestamp NULL DEFAULT NULL,
  `updated_at` timestamp NULL DEFAULT NULL
) ENGINE=InnoDB DEFAULT CHARSET=utf8 COLLATE=utf8_unicode_ci;

--
-- Dumping data for table `brands`
--

INSERT INTO `brands` (`id`, `brand_name`, `created_at`, `updated_at`) VALUES
(1, 'Apple', '2016-04-26 20:26:53', '2016-04-26 20:26:53'),
(2, 'ASUS', '2016-04-26 20:27:39', '2016-04-26 20:27:39'),
(3, 'Beats by Dr. Dre', '2016-04-26 20:27:56', '2016-04-26 20:27:56'),
(4, 'Bose', '2016-04-26 20:28:10', '2016-04-26 20:28:10'),
(5, 'Blackberry', '2016-04-26 20:28:22', '2016-04-26 20:28:22'),
(6, 'Canon', '2016-04-26 20:28:38', '2016-04-26 20:28:38'),
(7, 'DELL', '2016-04-26 20:28:53', '2016-04-26 20:28:53'),
(8, 'GoPro', '2016-04-26 20:29:09', '2016-04-26 20:29:09'),
(9, 'HP', '2016-04-26 20:29:20', '2016-04-26 20:29:20'),
(10, 'Lenovo', '2016-04-26 20:29:44', '2016-04-26 20:29:44'),
(11, 'LG', '2016-04-26 20:29:52', '2016-04-26 20:29:52'),
(12, 'Logitech', '2016-04-26 20:30:18', '2016-04-26 20:30:18'),
(13, 'Microsoft', '2016-04-26 20:30:28', '2016-04-26 20:30:28'),
(14, 'Nikon Cameras', '2016-04-26 20:31:01', '2016-04-26 20:31:01'),
(15, 'Panasonic', '2016-04-26 20:31:24', '2016-04-26 20:31:24'),
(16, 'Samsung', '2016-04-26 20:31:44', '2016-04-26 20:31:44'),
(17, 'Sony', '2016-04-26 20:32:01', '2016-04-26 20:32:01'),
(18, 'Toshiba', '2016-04-26 20:32:15', '2016-04-26 20:32:15'),
(19, 'Turtle Beach', '2016-04-26 20:32:26', '2016-04-26 20:32:26'),
(20, 'CyberPowerPC', '2016-04-26 23:01:31', '2016-04-26 23:01:31'),
(21, 'Astro', '2016-04-27 04:18:37', '2016-04-27 04:18:37'),
(22, 'EA', '2016-04-27 21:13:07', '2016-04-27 21:13:07'),
(23, 'Other', '2016-04-27 21:15:27', '2016-04-27 21:15:27');

-- --------------------------------------------------------

--
-- Table structure for table `carts`
--

CREATE TABLE `carts` (
  `id` int(10) UNSIGNED NOT NULL,
  `user_id` int(11) NOT NULL,
  `product_id` int(11) NOT NULL,
  `qty` int(10) UNSIGNED NOT NULL,
  `total` decimal(10,2) UNSIGNED NOT NULL,
  `created_at` timestamp NULL DEFAULT NULL,
  `updated_at` timestamp NULL DEFAULT NULL
) ENGINE=InnoDB DEFAULT CHARSET=utf8 COLLATE=utf8_unicode_ci;

--
-- Dumping data for table `carts`
--

INSERT INTO `carts` (`id`, `user_id`, `product_id`, `qty`, `total`, `created_at`, `updated_at`) VALUES
(10, 1, 6, 1, '2099.99', '2016-04-27 21:46:08', '2016-04-27 21:46:08'),
(11, 2, 27, 1, '459.99', '2016-04-27 21:46:31', '2016-04-27 21:46:31'),
(12, 2, 8, 1, '549.99', '2016-04-27 22:04:19', '2016-04-27 22:04:19');

-- --------------------------------------------------------

--
-- Table structure for table `categories`
--

CREATE TABLE `categories` (
  `id` int(10) UNSIGNED NOT NULL,
  `category` varchar(255) COLLATE utf8_unicode_ci NOT NULL,
  `parent_id` int(11) DEFAULT NULL,
  `created_at` timestamp NULL DEFAULT NULL,
  `updated_at` timestamp NULL DEFAULT NULL
) ENGINE=InnoDB DEFAULT CHARSET=utf8 COLLATE=utf8_unicode_ci;

--
-- Dumping data for table `categories`
--

INSERT INTO `categories` (`id`, `category`, `parent_id`, `created_at`, `updated_at`) VALUES
(1, 'TV', NULL, '2016-04-26 20:24:49', '2016-04-26 20:24:49'),
(2, 'Computers & Tablets', NULL, '2016-04-26 20:25:26', '2016-04-26 20:35:58'),
(3, 'Cell Phones', NULL, '2016-04-26 20:25:38', '2016-04-26 20:25:38'),
(4, 'Cameras', NULL, '2016-04-26 20:25:47', '2016-04-26 20:25:47'),
(5, 'Audio', NULL, '2016-04-26 20:26:09', '2016-04-26 20:26:09'),
(6, 'Video Games', NULL, '2016-04-26 20:26:21', '2016-04-26 20:26:21'),
(7, '4K Ultra HD TVs', 1, '2016-04-26 20:33:50', '2016-04-26 20:33:50'),
(8, 'Smart TVs', 1, '2016-04-26 20:34:02', '2016-04-26 20:34:02'),
(9, 'Curved TVs', 1, '2016-04-26 20:34:15', '2016-04-26 20:34:15'),
(10, 'LED TVs', 1, '2016-04-26 20:34:26', '2016-04-26 20:34:26'),
(11, 'OLED TVs', 1, '2016-04-26 20:34:40', '2016-04-26 20:34:40'),
(12, 'Desktops', 2, '2016-04-26 20:35:03', '2016-04-26 20:35:03'),
(13, 'Laptops', 2, '2016-04-26 20:35:10', '2016-04-26 20:35:10'),
(14, 'Monitors', 2, '2016-04-26 20:35:34', '2016-04-26 20:35:34'),
(15, 'iPads', 2, '2016-04-26 20:36:05', '2016-04-26 20:36:05'),
(16, 'Tablets', 2, '2016-04-26 20:36:20', '2016-04-26 20:36:20'),
(17, 'iPhones', 3, '2016-04-26 20:36:34', '2016-04-26 20:36:34'),
(18, 'Samsung Galaxy', 3, '2016-04-26 20:37:00', '2016-04-26 20:37:00'),
(19, 'Blackberries ', 3, '2016-04-26 20:37:11', '2016-04-26 20:37:11'),
(20, 'Digital SLR Cameras', 4, '2016-04-26 20:37:39', '2016-04-26 20:37:39'),
(21, 'Mirrorless Cameras', 4, '2016-04-26 20:38:03', '2016-04-26 20:38:03'),
(22, 'Point & Shoot Cameras', 4, '2016-04-26 20:38:38', '2016-04-26 20:38:38'),
(23, 'GoPros', 4, '2016-04-26 20:39:27', '2016-04-26 20:39:27'),
(25, 'Xbox One Headsets', 5, '2016-04-26 20:40:01', '2016-04-26 20:40:01'),
(26, 'PlayStation 4 Headsets', 5, '2016-04-26 20:40:11', '2016-04-26 20:40:11'),
(27, 'HeadPhones', 5, '2016-04-26 20:40:29', '2016-04-26 20:40:29'),
(28, 'Xbox One', 6, '2016-04-26 20:41:01', '2016-04-26 20:41:01'),
(29, 'Xbox One Games', 6, '2016-04-26 20:41:13', '2016-04-26 20:41:13'),
(30, 'Xbox One Accessories', 6, '2016-04-26 20:41:26', '2016-04-26 20:41:26'),
(31, 'PlayStation 4', 6, '2016-04-26 20:41:37', '2016-04-26 20:41:37'),
(32, 'PlayStation 4 Accessories', 6, '2016-04-26 20:41:51', '2016-04-26 20:41:51'),
(33, 'PlayStation 4 Games', 6, '2016-04-26 20:42:00', '2016-04-26 20:42:00'),
(34, 'PC Games', 6, '2016-04-26 20:42:12', '2016-04-26 20:42:12');

-- --------------------------------------------------------

--
-- Table structure for table `migrations`
--

CREATE TABLE `migrations` (
  `migration` varchar(255) COLLATE utf8_unicode_ci NOT NULL,
  `batch` int(11) NOT NULL
) ENGINE=InnoDB DEFAULT CHARSET=utf8 COLLATE=utf8_unicode_ci;

--
-- Dumping data for table `migrations`
--

INSERT INTO `migrations` (`migration`, `batch`) VALUES
('2014_10_12_000000_create_users_table', 1),
('2014_10_12_100000_create_password_resets_table', 1),
('2016_04_01_225427_create_categories_table', 1),
('2016_04_04_235728_create_products_table', 1),
('2016_04_08_172826_create_brands_table', 1),
('2016_04_09_201921_create_product_images_table', 1),
('2016_04_17_181302_create_carts_table', 1),
('2016_04_18_183841_create_orders_table', 1),
('2016_04_18_232109_create_order_product_table', 1);

-- --------------------------------------------------------

--
-- Table structure for table `orders`
--

CREATE TABLE `orders` (
  `id` int(10) UNSIGNED NOT NULL,
  `user_id` int(11) NOT NULL,
  `first_name` varchar(255) COLLATE utf8_unicode_ci NOT NULL,
  `last_name` varchar(255) COLLATE utf8_unicode_ci NOT NULL,
  `address` varchar(255) COLLATE utf8_unicode_ci NOT NULL,
  `address_2` varchar(255) COLLATE utf8_unicode_ci NOT NULL,
  `city` varchar(255) COLLATE utf8_unicode_ci NOT NULL,
  `state` varchar(255) COLLATE utf8_unicode_ci NOT NULL,
  `zip` varchar(255) COLLATE utf8_unicode_ci NOT NULL,
  `total` decimal(10,2) NOT NULL,
  `full_name` varchar(255) COLLATE utf8_unicode_ci NOT NULL,
  `created_at` timestamp NULL DEFAULT NULL,
  `updated_at` timestamp NULL DEFAULT NULL
) ENGINE=InnoDB DEFAULT CHARSET=utf8 COLLATE=utf8_unicode_ci;

--
-- Dumping data for table `orders`
--

INSERT INTO `orders` (`id`, `user_id`, `first_name`, `last_name`, `address`, `address_2`, `city`, `state`, `zip`, `total`, `full_name`, `created_at`, `updated_at`) VALUES
(1, 1, 'Jane ', 'Smith', '415 Jackson Avenue', '', 'Astoria', 'NY', '11102', '3399.98', 'Jane Smith', '2016-04-27 21:36:28', '2016-04-27 21:36:28'),
(2, 2, 'Dave', 'Colin', '712 Pheasant Run', '', 'Vicksburg', 'MS', '39180', '499.99', 'Dave Colin', '2016-04-27 21:39:48', '2016-04-27 21:39:48'),
(3, 2, 'Jenny', 'Larun', '129 Cedar Court ', '', 'Jackson Heights', 'NY', '11372', '699.99', 'Jenny Laurn', '2016-04-27 21:40:49', '2016-04-27 21:40:49'),
(4, 2, 'Myers', 'Setph', '636 Monroe Drive', '', 'La Vergne', 'TN', '37086', '124.98', 'Myers Setph', '2016-04-27 21:42:11', '2016-04-27 21:42:11'),
(5, 2, 'John', 'Zehn', '305 Route 202 ', '', 'Findlay', 'OH', '45840', '1999.99', 'John Zehn', '2016-04-27 21:43:15', '2016-04-27 21:43:15'),
(6, 2, 'Joile', 'Hanna', '977 Homestead Drive ', '', 'West Des Moines', 'IA', '50265', '219.99', 'Joile Hanna', '2016-04-27 21:44:25', '2016-04-27 21:44:25');

-- --------------------------------------------------------

--
-- Table structure for table `order_product`
--

CREATE TABLE `order_product` (
  `id` int(10) UNSIGNED NOT NULL,
  `order_id` int(11) NOT NULL,
  `product_id` int(11) NOT NULL,
  `qty` int(11) NOT NULL,
  `price` decimal(10,2) NOT NULL,
  `reduced_price` decimal(10,2) NOT NULL,
  `total` decimal(10,2) NOT NULL,
  `total_reduced` decimal(10,2) NOT NULL,
  `created_at` timestamp NULL DEFAULT NULL,
  `updated_at` timestamp NULL DEFAULT NULL
) ENGINE=InnoDB DEFAULT CHARSET=utf8 COLLATE=utf8_unicode_ci;

--
-- Dumping data for table `order_product`
--

INSERT INTO `order_product` (`id`, `order_id`, `product_id`, `qty`, `price`, `reduced_price`, `total`, `total_reduced`, `created_at`, `updated_at`) VALUES
(1, 1, 5, 1, '2999.99', '0.00', '2999.99', '0.00', NULL, NULL),
(2, 1, 16, 1, '399.99', '0.00', '399.99', '0.00', NULL, NULL),
(3, 2, 29, 1, '499.99', '0.00', '499.99', '0.00', NULL, NULL),
(4, 3, 21, 1, '699.99', '0.00', '699.99', '0.00', NULL, NULL),
(5, 4, 33, 1, '24.99', '0.00', '24.99', '0.00', NULL, NULL),
(6, 4, 48, 1, '99.99', '0.00', '99.99', '0.00', NULL, NULL),
(7, 5, 11, 1, '1999.99', '0.00', '1999.99', '0.00', NULL, NULL),
(8, 6, 14, 1, '219.99', '0.00', '219.99', '0.00', NULL, NULL);

-- --------------------------------------------------------

--
-- Table structure for table `password_resets`
--

CREATE TABLE `password_resets` (
  `email` varchar(255) COLLATE utf8_unicode_ci NOT NULL,
  `token` varchar(255) COLLATE utf8_unicode_ci NOT NULL,
  `created_at` timestamp NOT NULL DEFAULT CURRENT_TIMESTAMP ON UPDATE CURRENT_TIMESTAMP
) ENGINE=InnoDB DEFAULT CHARSET=utf8 COLLATE=utf8_unicode_ci;

-- --------------------------------------------------------

--
-- Table structure for table `products`
--

CREATE TABLE `products` (
  `id` int(10) UNSIGNED NOT NULL,
  `product_name` varchar(255) COLLATE utf8_unicode_ci NOT NULL,
  `product_qty` int(10) UNSIGNED NOT NULL,
  `product_sku` int(10) UNSIGNED NOT NULL,
  `price` decimal(10,2) UNSIGNED NOT NULL,
  `reduced_price` decimal(10,2) UNSIGNED DEFAULT NULL,
  `cat_id` int(10) UNSIGNED NOT NULL,
  `brand_id` int(10) UNSIGNED NOT NULL,
  `featured` int(11) NOT NULL DEFAULT '0',
  `description` text COLLATE utf8_unicode_ci NOT NULL,
  `product_spec` text COLLATE utf8_unicode_ci,
  `created_at` timestamp NULL DEFAULT NULL,
  `updated_at` timestamp NULL DEFAULT NULL
) ENGINE=InnoDB DEFAULT CHARSET=utf8 COLLATE=utf8_unicode_ci;

--
-- Dumping data for table `products`
--

INSERT INTO `products` (`id`, `product_name`, `product_qty`, `product_sku`, `price`, `reduced_price`, `cat_id`, `brand_id`, `featured`, `description`, `product_spec`, `created_at`, `updated_at`) VALUES
(1, 'Sony - 55\" Class - LED - 2160p - Smart - 4K Ultra HD', 14, 260478281, '999.99', '899.99', 7, 17, 0, '<h3><strong><span style=\"font-size: 18px;\">Enjoy greater clarity, color, and contrast with the new 4K Processor X1</span></strong></h3><p>The powerful 4K Processor X1 brings stunning picture quality to whatever you\'re watching. Every source is intelligently analyzed and upscaled to our best 4K resolution, from TV broadcasts, Blu-ray Discs™ and DVDs, to 4K Internet videos. Enjoy incredible 4K images with stunning clarity, more lifelike colors and sparkling contrast.</p><h3><strong><span style=\"font-size: 18px;\">Whatever you’re watching, watch it in our true 4K</span></strong></h3><p>No matter the source, every pixel is upscaled beautifully by our most powerful 4K picture processing technology ever. Scenes are analyzed and matched with a special image database for supremely lifelike detail, whatever you\'re watching.</p><h3><strong><span style=\"font-size: 18px;\">Dynamic Contrast Enhancer improves contrast for everything you watch</span></strong></h3><p>The 4K Processor X1 ensures that the dynamic range of brightness on screen is continually optimized frame by frame.</p>', '<h4><strong><span style=\"font-size: 18px;\">54.6\" screen (measured diagonally from corner to corner)</span></strong></h4><p>A great size for a living room or mid-sized home theater space.</p><p><br></p><h4><strong><span style=\"font-size: 18px;\">LED TVs perform well in all lighting conditions</span></strong></h4><p>They also deliver plasma-like deep blacks and rich colors.</p><p><br></p><h4><strong><span style=\"font-size: 18px;\">2160p resolution for breathtaking HD images</span></strong></h4><p>Watch 4K movies and TV shows at 4x the resolution of Full HD, and upscale your current HD content to gorgeous, Ultra HD-level picture quality.</p><p><br></p><h4><strong><span style=\"font-size: 18px;\">Smart TV brings a world of entertainment to your living room</span></strong></h4><p>Stream your favorite movies, TV shows and music with Google Play.</p><p><br></p><h4><strong><span style=\"font-size: 18px;\">4 HDMI inputs for the best home theater connection</span></strong></h4><p>High-speed HDMI delivers a full 1080p picture and digital surround sound in one convenient cable. HDMI cable not included.</p><p><br></p><h4><strong><span style=\"font-size: 18px;\">3 USB inputs</span></strong></h4><p>Easily connect your digital camera, camcorder or other USB device.</p><p><br></p><p>Web-based services and content require high-speed Internet service. Some services may require a subscription.</p><p><br></p><p><br></p>', '2016-04-26 21:26:52', '2016-04-26 23:12:51'),
(2, 'Samsung - 50\" Class - LED - 2160p - Smart - 4K Ultra HD TV', 9, 441716796, '899.99', '1299.99', 8, 16, 0, '<p><span>This SUHD TV offers 4K picture quality — 4x the resolution of Full HD — and a wide variety of Web options via Smart TV and apps. Stream music and video and surf the Internet with the multitasking power of a quad-core processor. Plus, with Briefing on TV, you can sync this SUHD TV with a Samsung smartphone or tablet to display time, weather and schedule updates on the TV screen.</span></p>', '<p><span style=\"font-size: 18px;\"><strong>49-1/2\" screen (measured diagonally from corner to corner)</strong></span></p><p>A great size for a living room or mid-sized home theater space.</p><p><br></p><p><span style=\"font-size: 18px;\"><strong>2160p resolution for breathtaking HD images</strong></span></p><p>Watch 4K movies and TV shows at 4x the resolution of Full HD, and upscale your current HD content to gorgeous, Ultra HD-level picture quality.*</p><p><br></p><p><strong><span style=\"font-size: 18px;\">Motion Rate 120</span></strong></p><p>Enjoy high-speed action with good motion clarity.</p><p><br></p><p><strong><span style=\"font-size: 18px;\">Smart TV means a huge world of entertainment</span></strong></p><p>Stream content using Smart Hub and surf the Internet with the included Web browser. S-Recommendation finds the movies and shows you\'ll enjoy most. Built-in Wi-Fi connects to a wireless home network.</p><p><br></p><p><strong><span style=\"font-size: 18px;\">Rapid Web browsing and downloading</span></strong></p><p>Multitask, browse the Web, and download apps faster with a quad-core processor.</p><p><br></p><p><span style=\"font-size: 18px;\">Reduced glare from any viewing angle</span></p><p>Ultra Clear Panel screen absorbs ambient light to reduce reflections, for clear viewing no matter where the TV is positioned.</p><p><br></p><p><strong><span style=\"font-size: 18px;\">Increased sense of depth</span></strong></p><p>Contrast enhancer automatically optimizes contrast across multiple zones of the screen for realistic foregrounds and backgrounds.</p><p><br></p><p><strong><span style=\"font-size: 18px;\">Nano-crystal color technology brings your entertainment to life in vivid detail</span></strong></p><p>Reveal brilliant colors and details you never knew were there.</p><p><br></p><p><strong><span style=\"font-size: 18px;\">Watch your smartphone content on your TV, and vice versa</span></strong></p><p>Smart View 2.0 lets you watch your mobile media on the TV display, or mirror TV titles on your compatible mobile device.</p><p><br></p><p><strong><span style=\"font-size: 18px;\">ConnectShare Movie</span></strong></p><p>Watch videos, play music and view photos from a USB connection without needing to use a PC or special equipment.</p><p><br></p><p><strong><span style=\"font-size: 18px;\">Briefing on TV lets you display important information and schedule your day</span></strong></p><p>Have the TV act as an alarm, and sync up with Samsung mobile devices to display important items such as the time, weather, and your daily schedule on the TV screen.</p><p><br></p><p><strong><span style=\"font-size: 18px;\">Advanced TV sound</span></strong></p><p>This TV includes two 10W speakers, DTS Premium Sound and DTS Studio Sound.</p><p><br></p><p><strong><span style=\"font-size: 18px;\">4 HDMI inputs for the best home theater connection</span></strong></p><p>High-speed HDMI delivers an HD picture and digital surround sound in one convenient cable. HDMI cable sold separately.</p><p><br></p><p><strong><span style=\"font-size: 18px;\">3 USB inputs</span></strong></p><p><br></p><p><br></p>', '2016-04-26 21:33:54', '2016-04-26 23:15:06'),
(3, 'Sony - 65\" Class - LED - 2160p - Smart - 4K Ultra HD TV ', 14, 710509134, '1999.99', '2999.99', 7, 17, 0, '<p><span>Enjoy streaming content with a clear picture and bright colors, use your smartphone or tablet as a remote control, or stream PlayStation 3 games to your TV. Plus, the Android TV function lets you download a wide array of apps and games.</span></p>', '<p><strong><span style=\"font-size: 18px;\">64-1/2\" screen (measured diagonally from corner to corner)</span></strong></p><p>Provides an immersive experience for everyone in the room.</p><p><br></p><p><span style=\"font-size: 18px;\"><strong>LED TVs perform well in all lighting conditions</strong></span></p><p>They also deliver plasma-like deep blacks and rich colors.</p><p><br></p><p><strong><span style=\"font-size: 18px;\">2160p resolution for breathtaking HD images</span></strong></p><p>Watch 4K movies and TV shows at 4x the resolution of Full HD, and upscale your current HD content to gorgeous, Ultra HD-level picture quality.*</p><p><br></p><p><strong><span style=\"font-size: 18px;\">Crisp, clear images, even at high speed</span></strong></p><p>You\'ll get impressive clarity during sporting events and action movies with Motionflow XR 960 technology.</p><p><br></p><p><strong><span style=\"font-size: 18px;\">Smart TV delivers a huge world of entertainment</span></strong></p><p>Stream movies, music and more through the Sony Entertainment Network, and surf your favorite websites with the included Opera Web browser.</p><p><br></p><p><strong><span style=\"font-size: 18px;\">Built-in Wi-Fi</span></strong></p><p>Connect to your wireless home network.</p><p><br></p><p><strong><span style=\"font-size: 18px;\">Android TV</span></strong></p><p>The power of Android on your television screen. Enjoy an array of apps, games and personalization features. Supports voice search and Google Cast.</p><p><br></p><p><strong><span style=\"font-size: 18px;\">HDR compatible for next-level color and contrast</span></strong></p><p>HDR (High Dynamic Range) reproduces a wide range of brightness levels, bringing greater color and contrast to the screen.</p><p><br></p><p><strong><span style=\"font-size: 18px;\">More color, depth and realism</span></strong></p><p>Colors come alive from the wide color gamut and heightened color depth of TRILUMINOS + X1 technology.</p><p><br></p><p><strong><span style=\"font-size: 18px;\">Upscaled clarity and color</span></strong></p><p>X-Reality PRO analyzes and refines clarity and contrast from your favorite shows, movies and clips in real time, creating crisp images and vibrant colors.</p><p><br></p><p><strong><span style=\"font-size: 18px;\">Stream PlayStation 3 games to your TV</span></strong></p><p>Choose from an exciting selection of PS3 games and stream them the same way you stream movies and TV shows. DualShock 4 controller sold separately.</p><p><br></p><p><strong><span style=\"font-size: 18px;\">Use your smartphone or tablet as a remote control</span></strong></p><p>Access Android TV or TV SideView on your compatible device to easily navigate using a keyboard, voice search, and quick access buttons.</p><p><br></p><p><strong><span style=\"font-size: 18px;\">Dolby Digital Plus and Dolby Pulse</span></strong></p><p>Optimizes the sound for TV from sources like Internet movies and music, connected PCs, smartphones and tablets.</p><p><br></p><p><br></p>', '2016-04-26 21:43:52', '2016-04-26 21:43:52'),
(4, 'Samsung - 48\" Class - LED - 1080p - Smart - HDTV', 24, 785282706, '449.99', '0.00', 8, 16, 1, '<p><span>Discover new programs, stream movies and create a network of connected Samsung devices with this smart TV\'s advanced features. Color- and sound-enhancing options help bring your favorite shows and video clips to life.</span></p>', '<ul><li><h4><span style=\"font-size: 18px;\"><strong>47.6\" screen (measured diagonally from corner to corner)</strong></span></h4><p><span style=\"font-size: 18px;\">A great size for a living room or mid-sized home theater space.</span></p><span style=\"font-size: 18px;\"><br></span><h4><span style=\"font-size: 18px;\"><strong>LED TVs perform well in all lighting conditions</strong></span></h4><p><span style=\"font-size: 18px;\">They also deliver deep blacks and rich colors.</span></p><span style=\"font-size: 18px;\"><br></span><h4><span style=\"font-size: 18px;\"><strong>1080p resolution for stunning HD images</strong></span></h4><p><span style=\"font-size: 18px;\">Watch Blu-ray movies and 1080p HD content at their highest level of detail.</span></p><span style=\"font-size: 18px;\"><br></span><h4><span style=\"font-size: 18px;\"><strong>Motion Rate 60</strong></span></h4><p><span style=\"font-size: 18px;\">Enjoy high-speed action with basic motion clarity.</span></p><span style=\"font-size: 18px;\"><br></span><h4><span style=\"font-size: 18px;\"><strong>Smart TV means a huge world of entertainment</strong></span></h4><p><span style=\"font-size: 18px;\">Stream content using Smart Hub, and surf the Internet with the included Web browser. S-Recommendation finds the movies and shows you\'ll enjoy most. Built-in Wi-Fi connects to a wireless home network.</span></p><span style=\"font-size: 18px;\"><br></span><h4><span style=\"font-size: 18px;\"><strong>Intelligent energy management</strong></span></h4><p><span style=\"font-size: 18px;\">Eco Sensor measures the intensity of light in the room and automatically adjusts the TV brightness.</span></p><span style=\"font-size: 18px;\"><br></span><h4><span style=\"font-size: 18px;\"><strong>Give a color boost to your picture</strong></span></h4><p><span style=\"font-size: 18px;\">Wide Color Enhancer expands the color range for rich, natural-looking images.</span></p><span style=\"font-size: 18px;\"><br></span><h4><span style=\"font-size: 18px;\"><strong>ConnectShare Movie</strong></span></h4><p><span style=\"font-size: 18px;\">Watch videos, play music and view photos from a USB connection without needing to use a PC or special equipment.</span></p><br><br></li></ul>', '2016-04-26 21:49:18', '2016-04-26 23:14:48'),
(5, 'LG - 55\" Class- OLED - Curved - 2160p - Smart - 3D - 4K Ultra HD TV', 4, 840661295, '2999.99', '0.00', 9, 11, 0, '<p><span>This TV\'s curved screen produces an enhanced sense of depth and immersion, and the 4K resolution displays movies, TV shows and more with 4x the resolution of Full HD. Plus, OLED technology delivers lifelike colors, crisp images and infinite contrast for outstanding picture quality.</span></p>', '<p><strong>54-5/8\" screen (measured diagonally from corner to corner)</strong></p><p>A great size for a living room or mid-sized home theater space. The curved screen\'s dramatically improved field of view creates a panoramic effect and helps the picture feel larger.</p><p><strong>OLED TVs perform well in all lighting condition</strong>s</p><p>They offer a high degree of color accuracy, wide viewing angles and a picture that is virtually blur free.</p><p><strong>2160p resolution for breathtaking HD images</strong></p><p>Watch 4K movies and TV shows at 4x the resolution of Full HD, and upscale your current HD content to gorgeous, Ultra HD-level picture quality.*</p><p><strong>Brilliant contrast and rich color</strong></p><p>Infinite contrast ratio produces a deep, rich black during dark scenes for great contrast. 4-color pixel technology delivers bright whites for a wide, high-contrast color spectrum.</p><p><strong>With webOS 2.0, Smart TV delivers a huge world of entertainment</strong></p><p>Stream movies, videos, music and more, and use the included Web browser to surf your favorite websites. Built-in Wi-Fi connects to a wireless home network.</p><p><strong>Rapid Web browsing and downloading</strong></p><p>Multitask, browse the Web, and download apps faster with a quad-core processor.</p><p><strong>Flicker-free 3D</strong></p><p>Bring the movie theater thrills of 3D into your home. 2 pairs of 3D glasses are included. Additional pairs sold separately.</p><p><strong>Magic Remote with scroll wheel and Voice Search</strong></p><p>Simply click, point, scroll or use voice commands to change the channel, search for something new, and more.</p><p><strong>Advanced TV sound</strong></p><p>Two 10W speakers. Clear Voice II technology optimizes audio clarity to make human speech easier to understand.</p><p><br></p><p><br></p>', '2016-04-26 22:47:23', '2016-04-26 22:47:23'),
(6, 'Samsung - 65\" Class LED - Curved - 2160p - Smart - 4K Ultra HD TV', 9, 386376920, '1899.99', '2099.99', 9, 16, 1, '<p><strong>Samsung UN65JU6700FXZA 4K Ultra HD TV:</strong><span><span>&nbsp;</span>Enter the worlds of your favorite movies, TV shows and video games with this curved 4K TV that features automatic depth enhancement. The impressive display provides clear viewing angles and vivid colors, whether you\'re browsing the Web or mirroring content from your smartphone.</span></p>', '<p><strong>64-1/2\" curved screen (measured diagonally from corner to corner)</strong></p><p>Provides an immersive experience for everyone in the room. The curved screen\'s field of view creates a panoramic effect and helps the picture feel larger.</p><p><strong>LED TVs perform well in all lighting conditions</strong></p><p>They also deliver plasma-like deep blacks and rich colors.</p><p><strong>2160p resolution for breathtaking HD images</strong></p><p>Watch 4K movies and TV shows at 4x the resolution of Full HD, and upscale your current HD content to gorgeous, Ultra HD-level picture quality.*</p><p><strong>Clear Motion Rate 120</strong></p><p>Enjoy high-speed action with good motion clarity.</p><p><strong>Smart TV delivers a huge world of entertainment</strong></p><p>Stream movies, music and more using Smart Hub, and surf your favorite websites with the included Web browser. S Recommendation finds the movies and TV shows you\'ll enjoy most.</p><p><strong>Built-in Wi-Fi</strong></p><p>Connect to your wireless home network.</p><p><strong>Rapid Web browsing and downloading</strong></p><p>Multitask, browse the Web, and download apps faster with a quad-core processor.</p><p><strong>Smart remote control with voice commands</strong></p><p>Get a powerful remote control, mouse and touchpad all in one. Navigate quickly using hand motions or by speaking voice commands into the microphone.</p><p><strong>Enhanced colors and images</strong></p><p>UHD Dimming provides deeper blacks, purer whites and precise detail.</p><p><strong>Lifelike shades of color</strong></p><p>PurColor blends primary and secondary colors to bring your movies, TV shows and games to life.</p><p><br></p><p><br></p>', '2016-04-26 22:52:42', '2016-04-26 22:52:42'),
(7, 'LG - 55\" Class - OLED - Curved - 1080p - Smart - 3D - HDTV', 19, 544027733, '1999.99', '0.00', 11, 11, 1, '<p><span>With a curved OLED screen and 3D technology, this HDTV offers an immersive entertainment experience. Plus, webOS 2.0 provides access to popular online media services for extensive viewing options.</span></p>', '<p><strong>55.3\" screen (measured diagonally from corner to corner)</strong></p><p>Large enough to provide an immersive experience for everyone in the room.</p><p><strong>OLED TVs perform well in all lighting conditions</strong></p><p>They offer an extremely high degree of color accuracy, wide viewing angles and a picture that is virtually blur-free.</p><p><strong>1080p resolution for stunning HD images</strong></p><p>Watch Blu-ray movies and 1080p HD content at their highest level of detail.</p><p><strong>webOS 2.0 brings online content to your TV</strong></p><p>Stream movies, TV shows and more with easy-to-use Smart TV technology.</p><p><strong>Theater-like 3D</strong></p><p>Uses the same passive 3D technology found in movie theaters.* 2 pairs of 3D glasses are included. Additional pairs sold separately.<strong><br></strong></p><p><strong>Deep black levels</strong></p><p>OLED self-lighting pixels turn off completely when producing black for high contrast.</p><p><strong>20W audio output</strong></p><p>With ULTRA Sound produces clear sound.</p><p><strong>3 HDMI inputs for the best home theater connection</strong></p><p>High-speed HDMI delivers a full 1080p picture and digital surround sound in one convenient cable. HDMI cable not included.</p><p><strong>3 USB 2.0 inputs</strong></p><p>Allow you to connect your digital camera, phone or other USB device.</p><p><br></p><p><br></p>', '2016-04-26 22:56:09', '2016-04-26 22:56:09'),
(8, 'CyberPowerPC - Gamer Ultra Desktop - AMD FX-Series', 4, 446403869, '549.99', '0.00', 12, 20, 1, '<p><span>Take down your challengers and collaborate with allies using this desktop, which features vivid AMD Radeon graphics and 8GB system memory to run graphics-intensive games and programs. Plug in accessories using the USB ports, or connect to an HDTV or high-definition monitor using the HDMI output.</span></p>', '<p><strong>Windows 10 operating system</strong></p><p>Windows 10 brings back the Start Menu from Windows 7 and introduces new features, like the Edge Web browser that lets you markup Web pages on your screen.<span>&nbsp;</span><a href=\"http://www.bestbuy.com/Windows10\" target=\"_blank\">Learn more ›</a></p><p><strong>AMD FX 4300 processor</strong></p><p>Native quad-core processing delivers aggressive yet power-smart performance for advanced gaming, complex modeling and HD video editing. AMD Turbo CORE technology dynamically adjusts to match the need of the moment.</p><p><strong>8GB system memory for advanced multitasking</strong></p><p>Substantial high-bandwidth RAM to smoothly run your games and photo- and video-editing applications, as well as multiple programs and browser tabs all at once.</p><p><strong>SuperMulti DVD/CD burner</strong></p><p>Reads and writes to a wide variety of media formats, including DVD+R/RW, DVD-R/RW, CD-R/RW, DVD-RAM and double-layer DVD.</p><p><strong>1TB hard drive for ample file storage space</strong></p><p>Holds a significant collection of digital photos, music, HD videos and DVD-quality movies. 7200 rpm spindle speed enables rapid read/write times for handling large files and complex applications.</p><p><strong>AMD Radeon R7 240 graphics</strong></p><p>Powered by 2GB dedicated video memory to quickly render high-quality images for videos and games.</p><p><strong>Customize your gaming setup with RGB lighting</strong></p><p>Included remote makes it easy to adjust the lights.</p><p><strong>6 USB ports</strong></p><p>Quick plug-and-play connectivity for your devices and accessories.</p><p><strong>Wired network connectivity</strong></p><p>Built-in Gigabit Ethernet LAN port plugs into your wired network.</p><p><strong>7.1-channel audio support</strong></p><p>Provides virtual surround sound for your favorite games and movies. (Speakers sold separately.)</p><p><strong>Additional ports</strong></p><p>HDMI output for a high-def monitor or HDTV. VGA input. DVI port. PS/2 port.</p><p><br></p><p><br></p>', '2016-04-26 23:02:58', '2016-04-26 23:02:58'),
(9, 'Dell - Inspiron 19.5\" Touch-Screen All-in-One - Intel Pentium', 14, 120760241, '499.99', '0.00', 12, 6, 0, '<p><span><span>&nbsp;</span>Enjoy simple touch-screen navigation combined with the power of an all-in-one PC. The 500GB hard drive lets you store your favorite photos, movies, games and other files.</span></p>', '<p><strong>Microsoft Windows 10 operating system</strong></p><p>Windows 10 brings back the popular Start Menu from Windows 7 and introduces new features, like the Edge Web browser that lets you markup Web pages on your screen.<span>&nbsp;</span><a href=\"http://www.bestbuy.com/Windows10\">Learn more ›</a></p><p><strong>All-in-one design saves space and cuts clutter</strong></p><p>A full computer is housed inside the monitor, so you get all the power of a PC in a streamlined design that involves fewer cables and takes up less space on a desk, table or kitchen counter.</p><p><strong>19.5\" touch screen for hands-on control</strong></p><p>Touch, tap, glide and make the most of Windows 10. 1600 x 900 HD+ resolution. Energy-efficient LED backlight.</p><p><strong>Intel® Pentium® processor N3700</strong></p><p>Basic processor boosts multitasking capabilities for reliable Internet browsing, e-mail and everyday productivity.</p><p><strong>4GB system memory for basic multitasking</strong></p><p>Adequate high-bandwidth RAM to smoothly run multiple applications and browser tabs all at once.</p><p><strong>500GB hard drive for serviceable file storage space</strong></p><p>Holds your growing collection of digital photos, music and videos. 5400 rpm spindle speed for standard read/write times.</p><p><strong>Built-in HD webcam with microphone</strong></p><p>Makes it easy to video chat with family and friends or teleconference with colleagues over Skype or other popular applications. 720p resolution.</p><p><strong>Built-in media reader for simple photo transfer</strong></p><p>Supports SD, SDHC, SDXC and MMC memory card formats.</p><p><strong>2 USB 3.0 ports maximize the latest high-speed devices</strong></p><p>Also includes 2 USB 2.0 ports to connect more accessories and peripherals. The USB 3.0 ports are backward-compatible with USB 2.0 devices (at 2.0 speeds).</p><p><strong>Wireless and wired network connectivity</strong></p><p>Built-in high-speed wireless LAN connects to your network on the most common Wi-Fi standards. Gigabit Ethernet LAN port plugs into wired networks.</p><p><strong>Bluetooth 4.0 interface syncs with compatible devices</strong></p><p>Wirelessly transfer photos, music and other media between the computer and your Bluetooth-enabled cell phone or MP3 player, or connect Bluetooth wireless accessories.</p><p><strong>Wireless keyboard and mouse</strong></p><p>Reduce cable clutter.</p><p><strong>Multimedia software package included</strong></p><p>CyberLink Media Suite Essentials. Trial of Microsoft Office.</p><p><strong>Built-in stereo speakers</strong></p><p>MaxxAudio creates rich, detailed sound for your music, movies and games.</p><p><strong>Additional ports</strong></p><p>Microphone-in/headphone-out combo jack. Audio line out.</p><p><br></p><p><br></p>', '2016-04-26 23:06:41', '2016-04-26 23:06:41'),
(10, 'Dell - XPS Desktop - Intel Core i7', 23, 984877951, '839.99', '899.99', 12, 7, 1, '<p><span>Get a powerful mini tower with the Dell XPS 8900 desktop computer. With its ultra-fast Intel i7 processor, plenty of RAM and discrete graphics card, this computer is designed to handle even the most demanding workflows. Paired with the Windows 10 operating system, the Dell XPS 8900 mini desktop gets the job done.</span></p>', '<p><strong>Windows 10 operating system</strong></p><p>Windows 10 brings back the popular Start Menu from Windows 7 and introduces new features, like the Edge Web browser that lets you markup Web pages on your screen.<a href=\"http://www.bestbuy.com/Windows10\">Learn more</a></p><p><strong>6th Gen Intel¿ Core I7-6700 processor</strong></p><p>Powerful quad-core processing performance. Intel Turbo Boost Technology delivers dynamic extra power when you need it, while increasing energy efficiency when you don\'t.</p><p><strong>16GB system memory for intense multitasking and gaming</strong></p><p>Reams of high-bandwidth DDR4 RAM to smoothly run your graphics-heavy PC games and video-editing applications, as well as numerous programs and browser tabs all at once.</p><p><strong>DVD/CD burner</strong></p><p>Reads and writes to a variety of media formats, including DVD+R/RW, DVD-R/RW and CD-R/RW.</p><p><strong>1TB hard drive for immense file storage space</strong></p><p>Holds your extensive collection of digital photos, music, HD videos and DVD-quality movies.</p><p><strong>NVIDIA GeForce GT 730 graphics</strong></p><p>Driven by 2GB DDR3 dedicated video memory to quickly render high-quality images for videos and games.</p><p><strong>Built-in media reader for simple photo transfer</strong></p><p>Supports CompactFlash Card type I, CompactFlash Card type II, Memory Stick, Memory Stick PRO, MultiMediaCard, SD, SmartMedia Card, Memory Stick Duo, xD-Picture Card, Memory Stick PRO Duo, min...</p><p><strong>6 USB 3.0 ports maximizes the latest high-speed devices</strong></p><p>Also includes 4 USB 2.0 ports to connect more accessories and peripherals. The USB 3.0 ports are backward-compatible with USB 2.0 devices (at 2.0 speeds).</p><p><strong>Wireless and wired network connectivity</strong></p><p>Built-in high-speed wireless LAN connects to your network on the most common Wi-Fi standards. Gigabit Ethernet LAN port plugs into wired networks.</p><p><strong>Bluetooth 4.0 interface syncs with compatible devices</strong></p><p>Wirelessly transfer photos, music and other media between the desktop and your Bluetooth-enabled cell phone or MP3 player, or connect Bluetooth wireless accessories.</p><p><strong>Multimedia software package included</strong></p><p>Microsoft Office (Trial) and McAfee (12 months subscription).</p><p><strong>Additional ports</strong></p><p>Microphone and headphone jacks. Subwoofer port.</p><p><br></p><p><br></p>', '2016-04-26 23:12:05', '2016-04-26 23:12:05'),
(11, 'Apple - MacBook Pro with Retina display', 44, 679753733, '1999.99', '0.00', 13, 1, 1, '<p><span>With fifth-generation Intel Core processors, the latest graphics, and faster flash storage, the incredibly advanced MacBook Pro with Retina display moves even further ahead in performance and battery life.* *Compared with the previous generation.</span></p>', '<ul><li>Retina display with 2560-by-1600 resolution</li><li>Fifth-generation dual-core Intel Core i7 processor</li><li>Intel Iris Graphics</li><li>Up to 9 hours of battery life1</li><li>Faster flash storage2</li><li>802.11ac Wi-Fi</li><li>Two Thunderbolt 2 ports for connecting high-performance devices and transferring data at lightning speed</li><li>Two USB 3 ports (compatible with USB 2 devices) and HDMI</li><li>FaceTime HD camera</li><li>Pages, Numbers, Keynote, iPhoto, iMovie, GarageBand included</li><li>OS X, the world\'s most advanced desktop operating system</li><li>1 Battery life varies by use and configuration. See www.apple.com/batteries for more information</li><li>2 Compared with the previous generation.</li></ul><p><br></p><p><br></p>', '2016-04-26 23:19:46', '2016-04-26 23:19:46'),
(12, 'Apple - MacBook Pro - 15.4 Display - Intel Core i7', 20, 584474306, '2499.99', '0.00', 13, 1, 0, '<p><span>The MacBook Pro with Retina display is the ideal notebook for enthusiasts and professionals looking for fast performance in an</span></p><p><br></p><p><span>incredibly compact and light design. The Force Touch trackpad, powerful Intel Core processors, high performance graphics, faster PCIe-based flash storage, outstanding battery life, and a stunning Retina display take the MacBook Pro to a whole new level of performance.</span></p>', '<ul><li>Retina display: 15.4-inch (diagonal) LED-backlit display with IPS technology; 2880-by-1800 resolution at 220 pixels per inch with support for millions of colors</li><li><br></li><li>2.5GHz quad-core Intel® Core™ i7 processor (Turbo Boost up to 3.7GHz) with 6MB shared L3 cache</li><li><br></li><li>16GB of 1600MHz DDR3L onboard memory</li><li><br></li><li>512GB PCIe-based flash storage</li><li><br></li><li>AMD Radeon R9 M370X with 2GB of GDDR5 memory and automatic graphics switching</li><li><br></li><li>Dual display and video mirroring</li><li><br></li><li>720p FaceTime HD camera</li><li><br></li><li>802.11ac WiFi wireless networking; IEEE 802.11a/b/g/n compatible</li><li><br></li><li>Bluetooth 4.0 wireless technology</li><li><br></li><li>Native Mini DisplayPort output</li><li><br></li><li>HDMI video output</li><li><br></li><li>Two Thunderbolt 2 ports (up to 20 Gbps)</li><li><br></li><li>Two USB 3 ports (up to 5 Gbps)</li><li><br></li><li>SDXC card slot</li><li><br></li><li>Up to 9 hours of wireless Web or iTunes movie playback*</li><li><br></li><li>*Battery life varies by use and configuration. See www.apple.com/batteries for more information.</li><li><br></li><li>Intel, Pentium, Celeron, Centrino, Core, Viiv, Intel Inside and the Intel Inside logo are trademarks or registered trademarks of Intel Corporation or its subsidiaries in the United States and other countries.</li><li><br></li><li>AMD, AMD Arrow logo, AMD Athlon, QuantiSpeed, AMD PowerNow! and combinations thereof are trademarks of Advanced Micro Devices, Inc.</li></ul><p><br></p><p><br></p>', '2016-04-26 23:23:44', '2016-04-26 23:23:44'),
(13, 'Asus - 15.6 Laptop - Intel Core i3', 24, 252729595, '299.99', '0.00', 13, 2, 1, '<p><span>For work or play, this laptop offers 1TB of storage for digital photos, videos, music and more. The chiclet keyboard and HD display allow easy typing and navigation.</span></p>', '<ul><li>Windows 10 operating system</li><li>Windows 10 brings back the Start Menu from Windows 7 and introduces new features, like the Edge Web browser that lets you markup Web pages on your screen.<span>&nbsp;</span><a href=\"http://www.bestbuy.com/Windows10\" target=\"_blank\">Learn more ›</a></li><li><br></li><li>15.6\" display</li><li>HD resolution.</li><li><br></li><li>5th Gen Intel® Core™ i3-5020U processor</li><li>Smart dual-core, four-way processing performance for HD-quality computing.</li><li><br></li><li>4GB system memory for basic multitasking</li><li>Adequate high-bandwidth RAM to smoothly run multiple applications and browser tabs all at once.</li><li><br></li><li>1TB hard drive for ample file storage space</li><li>Holds a significant collection of digital photos, music, HD videos and DVD-quality movies. 5400 rpm spindle speed for standard read/write times.</li><li><br></li><li>Built-in Cloud support lets you access your files anywhere</li><li>Easily save your photos, videos, documents and other files to Dropbox for secure access across multiple devices. Fees may apply.</li><li><br></li><li>Basic UMA graphics</li><li>Unified Memory Architecture shares the total system memory with the processor. Suitable for basic productivity programs, everyday Internet use and movie playback, but may bog down with more graphics-intensive applications.</li><li><br></li><li>Built-in stereo speakers</li><li>SonicMaster technology provides a crystal-clear sound experience.</li><li><br></li><li>Weighs 4.41 lbs. and measures 1\" thin</li><li>Balances portability and screen size, so you get a respectable amount of viewing space without the laptop being too cumbersome for practical portability. 3-cell lithium-ion battery.</li><li><br></li><li>1 USB 3.0 port and 1 USB Type C port maximize the latest high-speed devices</li><li>Also includes 1 USB 2.0 port to connect more accessories and peripherals. USB 3.0 ports are backward-compatible with USB 2.0 devices (at 2.0 speeds).</li><li><br></li><li>HDMI output expands your viewing options</li><li>Connect to an HDTV or high-def monitor to set up two screens side by side or just see more of the big picture.</li><li><br></li><li>Built-in media reader for simple photo transfer</li><li>Supports SD memory card format.</li><li><br></li><li>Wireless and wired network connectivity</li><li>Built-in high-speed wireless LAN connects to your network or hotspots on the most common Wi-Fi standards. The Fast Ethernet LAN port also lets you plug into wired networks.</li><li><br></li><li>Built-in webcam</li><li>Makes it easy to video chat with family and friends or teleconference with colleagues over Skype or other popular applications.</li><li><br></li><li>Keyboard with chiclet keys</li><li>Touchpad pointing device.</li><li><br></li><li>SuperMulti DVD/CD burner</li><li>Reads and writes to a wide variety of media formats, including DVD+R/RW, DVD-R/RW, CD-R/RW, DVD-RAM and double-layer DVD.</li><li><br></li><li>Silver hairline finish</li><li>Offers a sleek, elegant look.</li><li><br></li><li>Basic software package included</li><li>Evernote. 1-month trial of Microsoft Office 365.</li></ul><p><br></p><p><br></p>', '2016-04-26 23:28:49', '2016-04-26 23:28:49'),
(14, 'Dell - S2415H 23.8 IPS LED HD Monitor', 30, 646172368, '219.99', '0.00', 14, 7, 1, '<p><span>Featuring 1920 x 1080 maximum resolution, this Dell S2415H 3R3XN LED monitor presents stunningly realistic images in clear detail on its 23.8\" display. The virtually borderless, ultranarrow bezel delivers an enveloping widescreen viewing experience.</span></p>', '<ul><li><span style=\"font-size: 18px;\">Ultrafast 6 ms response time (gray to gray)</span></li><li><span style=\"font-size: 18px;\">Allows pixels to change colors quickly to avoid streaking, blurring and ghosting in fast-moving scenes and video games.</span></li><li><span style=\"font-size: 18px;\"><br></span><br></li><li><span style=\"font-size: 18px;\">23.8\" flat-panel LED</span></li><li><span style=\"font-size: 18px;\">Offers a large, easy-to-see display. The stand allows the display to be tilted up to 6° forward or up to 22° backward, so you can easily customize the viewing angle.</span></li><li><span style=\"font-size: 18px;\"><br></span><br></li><li><span style=\"font-size: 18px;\">1000:1 contrast ratio (8,000,000:1 mega dynamic contrast ratio)</span></li><li><span style=\"font-size: 18px;\">Provides a high number of shades between black and white, enabling accurate color reproduction when displaying images with extreme differences between light and dark.</span></li><li><span style=\"font-size: 18px;\"><br></span><br></li><li><span style=\"font-size: 18px;\">250 cd/m² brightness</span></li><li><span style=\"font-size: 18px;\">For a clear, highly visible display with colors that are rich, consistent and accurately reproduced.</span></li><li><span style=\"font-size: 18px;\"><br></span><br></li><li><span style=\"font-size: 18px;\">1920 x 1080 maximum resolution at 60Hz in 16:9 format</span></li><li><span style=\"font-size: 18px;\">Delivers high-definition visuals, rendering your favorite media in sharp, vivid, cinema-quality detail.</span></li><li><span style=\"font-size: 18px;\"><br></span><br></li><li><span style=\"font-size: 18px;\">178° horizontal and vertical viewing angles</span></li><li><span style=\"font-size: 18px;\">Along with IPS (in-plane switching) technology let you clearly see the screen from multiple vantage points.</span></li><li><span style=\"font-size: 18px;\"><br></span><br></li><li><span style=\"font-size: 18px;\">HDMI with MHL capability</span></li><li><span style=\"font-size: 18px;\">Allows you to connect select smartphones, tablets and other handheld devices to the monitor and charge them simultaneously, so you can stream video and audio content directly from your device.</span></li><li><span style=\"font-size: 18px;\"><br></span><br></li><li><span style=\"font-size: 18px;\">VESA 100mm x 100mm compliant</span></li><li><span style=\"font-size: 18px;\">Enables you to mount the monitor to a wall via an optional mounting kit (not included) or attach the monitor to an optional Dell single monitor arm (not included) for a clutter-free desktop.</span></li><li><span style=\"font-size: 18px;\"><br></span><br></li><li><span style=\"font-size: 18px;\">Virtually borderless, ultranarrow bezel</span></li><li><span style=\"font-size: 18px;\">Allows you to place the monitor next to a 2nd monitor, so you can enjoy a seamless dual-monitor viewing experience (additional monitor not included).</span></li><li><span style=\"font-size: 18px;\"><br></span><br></li><li><span style=\"font-size: 18px;\">Built-in cable management</span></li><li><span style=\"font-size: 18px;\">Creates a neat, tidy appearance. The monitor is made from environmentally friendly materials, including post-consumer recycled products, BFR-/PVC-free laminates, arsenic-free glass and a mercury-free LED panel.</span></li><li><span style=\"font-size: 18px;\"></span><br></li></ul><p><br></p><p><br></p>', '2016-04-26 23:33:54', '2016-04-26 23:33:54'),
(15, 'HP - Pavilion 23 IPS LED HD Monitor', 21, 539821310, '179.99', '0.00', 14, 9, 0, '<p><span>Play games, watch movies and more with this HP Pavilion 23cw 23\" LED monitor, which features 1920 x 1080 resolution and IPS technology for clear visuals from a wide variety of vantage points. Enhance+ uses noise reduction to improve image quality.</span></p>', '<ul><li><strong>Ultrafast 7 ms response time</strong></li><li>Supports rapid pixel color changes to help prevent blurring, ghosting and streaking when viewing fast-motion scenes in movies, games and more.</li><li><br></li><li><strong>23\" antiglare widescreen LED monitor</strong></li><li>Provides a large viewing area and remains viewable when placed close to a light source.</li><li><strong><br></strong></li><li><strong>5,000,000:1 dynamic contrast ratio (1000:1 static)</strong></li><li>Creates a multitude of shades between black and white for precise color reproduction.</li><li><br></li><li><strong>250 cd/m² brightness</strong></li><li>Ensures a highly visible display.</li><li><br></li><li><strong>1920 x 1080 resolution at 60Hz</strong></li><li>Delivers brilliant visuals.</li><li><br></li><li><strong>IPS technology</strong></li><li>Along with 178° horizontal and vertical viewing angles provides a clear view from multiple vantage points.</li><li><br></li><li><strong>VGA and 2 HDMI inputs</strong></li><li>Offer flexible connectivity options.</li><li><br></li><li><strong>OSD (on-screen display) settings</strong></li><li>Make adjustments simple. My Display software lets you save preferred settings to simplify selection.</li><li><br></li><li><strong>Enhance+ technology</strong></li><li>Utilizes noise reduction to ensure images with a high level of quality.</li><li><br></li><li><strong>Bezel-less design</strong></li><li>Offers a frameless display to enhance the viewing area.</li><li><br></li><li><strong>PC compatible</strong></li><li>For use at home or in the office.</li></ul><p><br></p><p><br></p>', '2016-04-26 23:37:56', '2016-04-26 23:37:56'),
(16, 'Apple - iPad Air 2 Wi-Fi 16GB - Gold', 39, 826696247, '399.99', '0.00', 15, 1, 1, '<p><span>The thinnest iPad ever is also the most capable. It\'s loaded with advanced technologies, including the Touch ID fingerprint sensor.</span></p>', '<ul><li>9.7\" Retina display (diagonal)</li><li><br></li><li>Touch ID fingerprint sensor</li><li><br></li><li>A8X chip</li><li><br></li><li>8MP iSight camera</li><li><br></li><li>FaceTime HD camera</li><li><br></li><li>802.11ac Wi-Fi with MIMO</li><li><br></li><li>Up to 10 hours of battery life²</li><li><br></li><li>Cellular data service on Wi-Fi + Cellular models (sold separately)</li><li><br></li><li>™ and © 2014 Apple Inc. All rights reserved.</li><li><br></li><li>²Battery life varies by use and configuration. See www.apple.com/batteries for more information.</li></ul><p><br></p><p><br></p>', '2016-04-27 00:08:58', '2016-04-27 00:08:58'),
(17, 'Apple - 12.9-Inch iPad Pro with Wi-Fi - 128GB - Gold', 30, 333688146, '949.99', '0.00', 15, 1, 0, '<p><span>Even with its 12.9-inch Retina display, the largest and most capable iPad ever is only 6.9mm thin and weighs just 1.57 pounds. It has a powerful A9X chip with 64-bit desktop-class architecture, four speaker audio, advanced iSight and FaceTime HD cameras, Wi-Fi and LTE connectivity¹, iCloud, the breakthrough Touch ID fingerprint sensor, and up to 10 hours of battery life.² It also includes great apps for productivity and creativity, as well as many more incredible apps available in the App Store. And with powerful new features in iOS 9 like multitasking, iPad Pro can do things no iPad has done before.</span></p>', '<ul><li>12.9-inch Retina display with anti-reflective coating (diagonal)</li><li><br></li><li>A9X third-generation chip with 64-bit desktop-class architecture</li><li><br></li><li>Touch ID fingerprint sensor</li><li><br></li><li>8MP iSight camera with 1080p video</li><li><br></li><li>FaceTime HD camera</li><li><br></li><li>802.11ac Wi-Fi with MIMO</li><li><br></li><li>LTE cellular data connectivity¹</li><li><br></li><li>Up to 10 hours of battery life²</li><li><br></li><li>Four speaker audio</li><li><br></li></ul><p><br></p>', '2016-04-27 00:12:05', '2016-04-27 00:12:05'),
(18, 'Microsoft - Surface 3 - 10.8 - Intel Atom', 24, 791594954, '539.99', '599.99', 16, 13, 0, '<p><span>This compact tablet is equipped with the full power of a laptop and is lightweight enough to take with you wherever you go. You can use the kickstand and attach the keyboard (sold separately) to use it as a laptop that runs all of your programs.</span></p><p><br></p><p><span>Now for a limited time, Surface 3 tablets include 1 year of Microsoft Office 365 Personal (a $69.99 value) plus OneDrive cloud storage. Office activation required within 6 months of Windows activation date. Offer valid while supplies last.</span></p>', '<ul><li><strong>Microsoft Windows 10 operating system</strong></li><li>Windows 10 brings back the popular Start Menu from Windows 7 and introduces new features, like the Edge Web browser that lets you markup Web pages on your screen.<span>&nbsp;</span><a href=\"http://www.bestbuy.com/Windows10\">Learn more ›</a></li><li><br></li><li><strong>10.8\" widescreen with 1920 x 1280 resolution</strong></li><li>This high-resolution screen is ideal for Web browsing, studying, reading and streaming HD content.</li><li><br></li><li><strong>128GB internal storage</strong></li><li>Ample space to store your software, apps, music, movies, photos and more. Expand storage with a USB memory stick (sold separately).</li><li><br></li><li><strong>Quad-core processor</strong></li><li>The right combination of fast performance and power efficiency. It allows rapid multitasking, delivers smooth response and unleashes stunning graphics.</li><li><br></li><li><strong>Dual HD cameras for photos and face-to-face chat</strong></li><li>3.5MP front camera and 8.0MP rear camera.</li><li><strong><br></strong></li><li><strong>Integrated kickstand</strong></li><li>Prop up your tablet to watch movies and video chat, or attach a keyboard for easy typing visibility (keyboard not included).</li><li><br></li><li><strong>Magnesium construction</strong></li><li>Lightweight, durable design makes it easy to stay connected on the go.</li><li><br></li><li><strong>Software package included</strong></li><li>1-year subscription for Microsoft Office Personal 365.</li></ul><p><br></p><p><br></p>', '2016-04-27 00:15:26', '2016-04-27 00:15:26'),
(19, 'Apple - iPhone 6 16GB - Space Gray', 39, 646445168, '499.99', '0.00', 17, 1, 1, '<p><span>iPhone 6 isn\'t just bigger — it\'s better in every way. Larger yet thinner. More powerful, yet power efficient. It\'s a new generation of iPhone.</span></p>', '<ul><li>4.7-inch (diagonal) Retina HD display with 1334-by-750 resolution</li><li><br></li><li>A8 chip with M8 motion coprocessor</li><li><br></li><li>8MP iSight camera with Focus Pixels and True Tone flash</li><li><br></li><li>1080p HD video recording at 60 fps and slo-mo video recording at 240 fps</li><li><br></li><li>FaceTime HD camera</li><li><br></li><li>Touch ID fingerprint sensor</li><li><br></li><li>LTE¹ and 802.11ac Wi-Fi</li><li><br></li><li>iOS 8 and iCloud</li></ul><p><br></p><p><br></p>', '2016-04-27 00:20:36', '2016-04-27 00:20:36'),
(20, 'Apple - iPhone 6s 16GB - Space Gray', 53, 538051312, '599.99', '0.00', 17, 1, 0, '<p><span>A 4.7-inch Retina HD display with 3D Touch. 7000 series aluminum and stronger cover glass. An A9 chip with 64-bit desktop-class architecture. All new 12MP iSight camera with Live Photos. Touch ID. Faster LTE and Wi-Fi. Long battery life and iOS 9 and iCloud. All in a smooth, continuous unibody design.</span></p>', '<ul><li>4.7-inch (diagonal) Retina HD display with 1334-by-750 resolution</li><li><br></li><li>3D Touch</li><li><br></li><li>A9 chip with M9 motion coprocessor</li><li><br></li><li>12MP iSight camera with Focus Pixels, True Tone flash and Live Photos</li><li><br></li><li>4K video recording at 30 fps and slo-mo video recording for 1080p at 120 fps</li><li><br></li><li>5MP FaceTime HD camera with Retina Flash</li><li><br></li><li>Second-generation Touch ID</li><li><br></li><li>LTE Advanced1 and 802.11a/b/g/n/ac and Wi-Fi with MIMO</li><li><br></li><li>iOS 9 and iCloud</li></ul><p><br></p><p><br></p>', '2016-04-27 00:22:56', '2016-04-27 00:23:48'),
(21, 'Apple - iPhone 6 Plus 16GB - Silver', 44, 663733209, '699.99', '0.00', 17, 1, 1, '<p><span>iPhone 6 Plus isn\'t just bigger — it\'s better in every way. Larger yet thinner. More powerful, yet power efficient. It\'s a new generation of iPhone.</span></p>', '<ul><li>5.5-inch (diagonal) Retina HD display with 1920-by-1080 resolution</li><li><br></li><li>A8 chip with M8 motion coprocessor</li><li><br></li><li>8MP iSight camera with Focus Pixels, True Tone flash, and optical image stabilization</li><li><br></li><li>1080p HD video recording at 60 fps and slo-mo video recording at 240 fps</li><li><br></li><li>FaceTime HD camera</li><li><br></li><li>Touch ID fingerprint sensor</li><li><br></li><li>LTE¹ and 802.11ac Wi-Fi</li><li><br></li><li>iOS 8 and iCloud</li><li><br></li></ul><p><br></p>', '2016-04-27 00:28:00', '2016-04-27 00:28:00');
INSERT INTO `products` (`id`, `product_name`, `product_qty`, `product_sku`, `price`, `reduced_price`, `cat_id`, `brand_id`, `featured`, `description`, `product_spec`, `created_at`, `updated_at`) VALUES
(22, 'Samsung - Galaxy S7 32GB - Gold Platinum', 61, 488782708, '649.99', '0.00', 18, 16, 1, '<p><span>Combine incredible water resistance with a great screen and a powerful processor, and you get the Samsung Galaxy S7. It\'s built to withstand dunks in water for up to 30 minutes, and then you can wipe it off and get playing with a 5.1-inch touchscreen. The Samsung Galaxy S7 enjoys a quad-core processor for ultra-fast responsiveness.</span></p>', '<ul><li>Qualcomm Snapdragon 820 processor</li><li>Quad-core 2.2GHz processor and 4GB of RAM deliver outstanding overall performance for opening and running applications, flipping through menus, running home screens and more.</li><li><br></li><li><strong>Android 6.0 Marshmallow OS</strong></li><li>SMore to Love.</li><li><br></li><li><strong>4G LTE speed</strong></li><li>Provides fast Web connection for downloading apps, streaming content and staying connected with social media.</li><li><br></li><li><strong>5.1\" Super AMOLED HD touch screen</strong></li><li>Extra-large screen is matched with a slim body to comfortably fit in your hand. Offers 16:9 cinema-like screen ratio that\'s perfect for viewing of videos, photos and games.</li><li><br></li><li><strong>12.0MP rear-facing camera for full HD pictures and videos</strong></li><li>The worlds first dual pixel smartphone camera makes capturing low light photos a breeze. Also includes a front-facing 5.0MP camera for self-portraits and video.</li><li><br></li><li><strong>32GB internal memory plus microSD slot</strong></li><li>Provides plenty of storage space for your contacts, music, apps and more. Expand storage up to 200GB by adding a microSD card (sold separately).</li><li><strong><br></strong></li><li><strong>Cloud support lets you access your files anywhere</strong></li><li>Store your photos, videos, documents and other files on Drive for secure access across multiple devices. Fees may apply.</li><li><strong><br></strong></li><li><strong>Use your smartphone as a mobile hotspot</strong></li><li>Share your 4G data connection with other compatible wireless devices.</li><li><strong><br></strong></li><li><strong>Always on Display</strong></li><li>Get the time or notifications without waking your screen.</li><li><br></li><li><strong>Water-resistant IP68</strong></li><li>Repels spills, splashes, and even dunks so you wont be putting all your hopes in a pathetic bowl of rice. Water-resistant in up to 5 feet of water for up to 30 minutes.</li><li><br></li></ul><p><br></p>', '2016-04-27 00:34:24', '2016-04-27 00:34:24'),
(23, 'Samsung - Galaxy S7 edge 32GB - Silver Titanium', 44, 963706270, '799.99', '0.00', 18, 16, 0, '<p><span>Work, rest and play with the Samsung Galaxy S7 edge. A massive 5.5-inch Super AMOLED touchscreen goes all the way to the edges of the phone so that you get the maximum area possible to work with. Solid water resistance, great processing and masses of memory round out this Samsung Galaxy S7 edge.</span></p>', '<ul><li><strong>Qualcomm Snapdragon 820 processor</strong></li><li>Quad-core 2.2GHz processor and 4GB of RAM deliver outstanding overall performance for opening and running applications, flipping through menus, running home screens and more.</li><li><br></li><li><strong>Android 6.0 Marshmallow OS</strong></li><li>SMore to Love.</li><li><br></li><li><strong>4G LTE speed (Available in select markets)</strong></li><li>Provides fast Web connection for downloading apps, streaming content and staying connected with social media.</li><li><br></li><li><strong>5.5\" Super AMOLED Quad HD touch screen</strong></li><li>Extra-large screen is matched with a slim body to comfortably fit in your hand. Offers 16:9 cinema-like screen ratio that\'s perfect for viewing of videos, photos and games.</li><li><br></li><li><strong>Dual Edge Design and Experience</strong></li><li>Get real-time scores and news delivered right to your edge.</li><li><br></li><li><strong>12.0MP rear-facing camera for full HD pictures and videos</strong></li><li>The worlds first dual pixel smartphone camera makes capturing low light photos a breeze. Also includes a front-facing 5.0MP camera for self-portraits and video.</li><li><br></li><li><strong>32GB internal memory plus microSD slot</strong></li><li>Provides plenty of storage space for your contacts, music, apps and more. Expand storage up to 200GB by adding a microSD card (sold separately).</li><li><br></li><li><strong>Cloud support lets you access your files anywhere</strong></li><li>Store your photos, videos, documents and other files on Drive for secure access across multiple devices. Fees may apply.</li><li><strong><br></strong></li><li><strong>Use your smartphone as a mobile hotspot</strong></li><li>Share your 4G data connection with other compatible wireless devices.</li><li><br></li><li><strong>Always on Display</strong></li><li>Get the time or notifications without waking your screen.</li><li><br></li><li><strong>Water-resistant IP68</strong></li><li>Repels spills, splashes, and even dunks so you wont be putting all your hopes in a pathetic bowl of rice. Water-resistant in up to 5 feet of water for up to 30 minutes.</li></ul><p><br></p><p><br></p>', '2016-04-27 00:37:36', '2016-04-27 00:37:36'),
(24, 'BlackBerry - PRIV 4G with 32GB Memory Cell Phone', 14, 362838028, '649.99', '699.99', 19, 5, 0, '<p><span>his cell phone offers the full ecosystem of Android and its apps to handle all of your business and personal needs. Added security lets you know when your data could be at risk, so you can take action to improve it.</span></p>', '<ul><li>Dual-core 1.8GHz and quad-core 1.44GHz processors with 3GB of RAM</li><li>Deliver outstanding overall performance for opening and running applications, flipping through menus, running home screens and more.</li><li><br></li><li>Android 5.1.1 Lollipop OS</li><li>New colors and typography, new ways to control how you receive messages, and new security features, including Android Smart Lock, which secures your phone by pairing it with a trusted smartwatch or other device.</li><li><br></li><li>4G LTE speed</li><li>Provides fast Web connection for downloading apps, streaming content and staying connected with social media.</li><li><br></li><li>5.4\" dual-curved capacitive touch screen</li><li>Extra-large screen is matched with a slim body to comfortably fit in your hand.</li><li><br></li><li>18.0MP dual-flash Schneider-Kreuznach certified rear-facing camera for HD pictures and videos</li><li>Snap clear and bright photos, even in low-light. The 2.0MP front-facing camera lets you take selfies and videos.</li><li><br></li><li>32GB internal memory plus microSD slot</li><li>Provides plenty of storage space for your contacts, music, apps and more. Expand storage up to 2TB by adding a microSD card (sold separately).</li><li><br></li><li>Use your smartphone as a mobile hotspot</li><li>Share your 4G data connection with other compatible wireless devices.¹</li><li><br></li><li>Slide-out QWERTY keyboard</li><li>Simplifies text messaging and typing. Wide, separated keys help prevent typos.</li></ul><p><br></p><p><br></p>', '2016-04-27 00:40:09', '2016-04-27 00:40:09'),
(25, 'Canon - EOS Rebel T5 DSLR Camera with 18-55mm and 75-300mm Lenses', 44, 442680854, '499.99', '749.99', 20, 6, 1, '<p><span>Capture vivid photos and videos with this Canon EOS Rebel T5 DSLR camera that features 18.0-megapixel CMOS sensor that captures up to 5184 x 3456 resolution for high-quality images. The wide array of shooting modes let you optimize your shots to suit your needs.</span></p><p><br></p>', '<ul><li><strong>18.0-megapixel APS-C CMOS sensor</strong></li><li>Captures high-resolution images up to 5184 x 3456 pixels.</li><li><br></li><li><strong>EF-S 18-55mm f/3.5-5.6 IS and EF 75-300mm f/4-5.6 III lenses included</strong></li><li>To enable shooting in a wide variety of situations.</li><li><strong><br></strong></li><li><strong>3\" TFT-LCD monitor</strong></li><li>Provides a clear view of your shots.</li><li><br></li><li><strong>EOS full high-definition movie mode</strong></li><li>Helps you capture quality videos.</li><li><strong><br></strong><br></li><li><strong>3 fps (frames per second)</strong></li><li>For continuous shooting.</li><li><br></li><li><strong>ISO 100-6400 (expandable to 12,800)</strong></li><li>For shooting in most lighting conditions.</li><li><br></li><li><strong>9-point AF system</strong></li><li>Including 1 center cross-type AF point and AI Servo AF, helps ensure fast autofocus performance and accuracy.</li><li><br></li><li><strong>Viewfinder</strong></li><li>Lets you quickly and easily frame your shots.</li><li><br></li><li><strong>Built-in flash</strong></li><li>Enables you to take pictures in a variety of conditions.</li><li><strong><br></strong><br></li><li><strong>Canon DIGIC 4 imaging processor</strong></li><li>Provides fast, high-quality processing.</li><li><strong><br></strong><br></li><li><strong>Wide selection of shooting modes</strong></li><li>Includes program AE, shutter-priority AE, aperture-priority AE, manual exposure, Scene Intelligent Auto, flash off, creative auto, portrait, landscape, close-up, sports and more.</li><li><strong><br></strong><br></li><li><strong>Scene Intelligent Auto mode</strong></li><li>Optimizes settings and improves results when shooting at night.</li><li><br></li><li><strong>Media slot</strong></li><li>Supports SD, SDHC and SDXC cards.</li></ul><p><br></p><p><br></p>', '2016-04-27 03:49:28', '2016-04-27 03:49:28'),
(26, 'Nikon - D5300 DSLR Camera with 18-55mm VR Lens - Black', 22, 428753186, '599.99', '799.99', 20, 14, 0, '<p><strong>Nikon D5300 DSLR Camera with 18–55mm VR lens:</strong><span><span>&nbsp;</span>Achieve crystal-clear shots and high-definition movie footage using the D5300, which comes with a 18–55mm lens that uses VR (Vibration Reduction) image stabilization to limit the effects of camera shake and vibration. Built-in Wi-Fi lets you wireless connect to compatible mobile devices, so you can easily share captured footage with friends, relatives, clients and more.</span></p><p><br></p><p><span>Memory card sold separately.</span></p>', '<ul><li><strong>EF-S 18–55mm f/3.5–5.6 zoom lens provides versatility</strong></li><li>Creates intricate picture detail.</li><li><strong><br></strong><br></li><li><strong>18.0-megapixel APS-C CMOS sensor delivers vividly detailed images</strong></li><li>Captures vibrant high-resolution images up to 5184 x 3456 pixels.</li><li><br></li><li><strong>100–12,800 ISO range (expandable to 25,600) for crisp, clear photos even in low light</strong></li><li>Shoot confidently without sacrificing detail, even in extremely low light.</li><li><strong><br></strong><br></li><li><strong>Capture fast-action shots at up to 5 fps (frames per second)</strong></li><li>This burst mode is not only fast, but also utilizes 9 focus points to keep images sharp even in challenging high-speed shooting situations.</li><li><br></li><li><strong>3\" Vari-angle LCD touch screen provides clear viewing and playback</strong></li><li>Approximately 1,040,000 dots and a smudge-resistant coating for easy navigation and a clear view, even when outdoors.</li><li><br></li><li><strong>Capture spectacular movies in HD</strong></li><li>Movie Servo AF, a built-in stereo microphone and Video Snapshot with editing capabilities let you capture detailed video clips.</li><li><br></li><li><strong>DIGIC 5 image processor promotes optimal image capture</strong></li><li>Enjoy rapid performance without sacrificing quality.</li><li><br></li><li><strong>Optical viewfinder helps you frame your shots</strong></li><li>Features 95% coverage and approximately 0.85x magnification.</li><li><strong><br></strong><br></li><li><strong>Face-detection technology puts everybody in their best light</strong></li><li>Detects faces and other subjects to keep them in sharp focus.</li><li><br></li><li><strong>Selectable scene modes determine optimal settings</strong></li><li>Include program AE (Scene Intelligent Auto, creative auto, landscape, close-up, sports, special scene modes (night portrait, HDR backlight control) and program), shutter-priority AE and more.</li><li><br></li><li><strong>White balance controls deliver accurate, natural tones, regardless of lighting conditions</strong></li><li>Settings include auto, preset (daylight, shade, cloudy, tungsten light, white fluorescent light, flash), custom and bracketing.</li><li><strong><br></strong><br></li><li><strong>Built-in flash features multiple modes for optimal lighting conditions</strong></li><li>Choose from flash-ready, flash-exposure compensation, high-speed sync and red-eye reduction.</li><li><br></li><li><strong>Multiformat memory card slot for storing or transferring data</strong></li><li>Supports SD, SDHC and SDXC formats. Memory cards not included.</li></ul><p><br></p><p><br></p>', '2016-04-27 03:51:19', '2016-04-27 03:52:13'),
(27, 'Sony - Alpha a5000 Mirrorless Camera with 16-50mm Retractable Lens ', 24, 859875737, '399.99', '459.99', 21, 17, 0, '<p><strong>Sony Alpha a5000 Mirrorless Camera with 16–50mm Retractable Lens:</strong><span>You can improve your photo portfolio and preserve memories, all with a single camera. The Sony Alpha a5000 features a 20.1-megapixel Exmor HD CMOS sensor that enables you to document moments in realistic detail. The included 16–50mm lens features a compact design, so it\'s easy to take on the go.</span></p>', '<ul><li><strong>Sony 16–50mm (35mm equivalent 24–75mm) E-mount lens included</strong></li><li>Get started with a lightweight, ultracompact lens.</li><li><br></li><li><strong>20.1-megapixel APS-C Exmor HD CMOS sensor delivers vividly detailed images</strong></li><li>Capture high-resolution images up to 5456 x 3632 pixels.</li><li><br></li><li><strong>ISO 100–16,000</strong></li><li>Enjoy crisp, clean images over a broad spectrum of lighting conditions, even low-light environments.</li><li><br></li><li><strong>Capture fast-action shots at up to 4 fps (frames per second)</strong></li><li>From joyous facial expressions to fast-paced sports action, burst mode ensures you get the shot even if it only lasts a fraction of a second.</li><li><br></li><li><strong>3\" LCD makes it easy to set up and review shots</strong></li><li>Tilts up to 180°, so you can easily take self portraits.</li><li><br></li><li><strong>Capture spectacular movies in HD</strong></li><li>High-definition movie mode allows you to record stunningly clear, smooth video clips in up to 1080/60i/24p resolution.</li><li><br></li><li><strong>BIONZ X processing engine delivers speed and performance</strong></li><li>Accelerates autofocus capability, making it easy to rapidly home in on subjects.</li><li><br></li><li><strong>Contrast-detect autofocus brings subjects into clear view</strong></li><li>Features 25 focus points to ensure sharp detail.</li><li><strong><br></strong></li><li><strong>Wi-Fi connectivity facilitates file sharing</strong></li><li>Wirelessly pair with select cell phones via NFC (near-field communication) technology for simple image transfer.</li><li><strong><br></strong></li><li><strong>Built-in pop-up flash for proper illumination</strong></li><li>Brighten scenes, so you can take well-lit pictures.</li><li><br></li><li><strong>Multiformat memory slot for storing or transferring data</strong></li><li>Supports SD, SDHC, SDXC and MS PRO Duo formats. Memory cards not included.</li><li><br></li></ul><p><br></p>', '2016-04-27 03:55:22', '2016-04-27 03:55:22'),
(28, 'Canon - PowerShot ELPH 350 HS 20.2-Megapixel Digital Camera', 19, 419050990, '159.99', '209.99', 22, 6, 0, '<p><span>This Canon PowerShot ELPH 350 HS digital camera features a 20.2-megapixel CMOS sensor and optical image stabilization, so you can capture clear photos and video footage. Built-in Wi-Fi lets you share stored files across wireless devices.</span></p><p><br></p><p><span>Memory card sold separately.</span></p>', '<ul><li><strong>20.2-megapixel high-sensitivity CMOS sensor</strong></li><li>Captures high-resolution images up to 5183 x 3888 pixels.</li><li><br></li><li><strong>12x optical/4x digital/48x total zoom</strong></li><li>Through an f/3.6-7 lens for precise zooming and accuracy.</li><li><br></li><li><strong>3\" LCD</strong></li><li>Makes it easy to set up and review shots.</li><li><br></li><li><strong>Movie button</strong></li><li>Allows you to record MPEG-4 AVC/H.264 video footage with MPEG-4 AAC-LC stereo sound.</li><li><strong><br></strong></li><li><strong>Optical image stabilization</strong></li><li>Reduces the effects of camera shake and vibration to minimize blurring.</li><li><br></li><li><strong>Shooting modes</strong></li><li>Include P, hybrid auto, auto, portrait, smart shutter (smile, wink self-timer, face self-timer), high-speed burst, handheld night scene, low light, snow, fireworks and long shutter for versatility.</li><li><br></li><li><strong>Autofocus</strong></li><li>Helps you bring subjects and scenes into clear view.</li><li><br></li><li><strong>Built-in Wi-Fi</strong></li><li>Makes it easy to share stored files across devices. NFC (near-field communication) technology simplifies pairing with select devices.</li><li><strong><br></strong></li><li><strong>Card slot</strong></li><li>Accepts SD, SDHC and SDXC formats.</li></ul><p><br></p><p><br></p>', '2016-04-27 03:57:40', '2016-04-27 03:57:40'),
(29, 'GoPro - HERO4 Black 4K Action Camera', 52, 241087568, '499.99', '0.00', 23, 8, 1, '<p><span>Capture the world around you in stunning 4K resolution and super slow motion at up to 240 frames per second with the GoPro 4. GoPro\'s standard waterproof housing lets you record underwater down to 131\', plus built in Wi-Fi and Bluetooth allow you to easily connect to the GoPro App and Smart Remote for simple control and video sharing.</span></p>', '<ul><li><strong>Capture high-quality 4K video</strong></li><li>With resolutions of 4K30, 2.7K60, 1440p80, 1080p120, 960p120 and 720p240 for ultrasharp, clear footage.</li><li><br></li><li><strong>Ultrawide-angle glass lens captures an expansive field of view</strong></li><li>For stunning videos and photos. Ultrawide, medium and narrow field-of-view options allow you to select your perspective.</li><li><br></li><li><strong>Capture low-light scenes using Night Photo and Night Lapse modes</strong></li><li>Customize exposure settings for single and time lapse photos. Auto low-light mode adjusts frame rates based on lighting conditions for optimal low-light performance.</li><li><strong><br></strong></li><li><strong>Capture stunning 12.0MP photos and burst photos up to 30 fp</strong>s</li><li>Take high-resolution photographs suitable for cropping and enlarging, or hold the shutter button down for burst shooting up to 30 frames per second (fps).</li><li><br></li><li><strong>Turn your camera on and begin recording with the touch of a single button</strong></li><li>QuikCapture one-touch activation ensures you get the shot even when things happen fast.</li><li><br></li><li><strong>Built-in Wi-Fi and Bluetooth make it easy to edit, watch and share</strong></li><li>Use the GoPro app (download required) or Smart Remote (sold separately) to wirelessly transfer, watch and edit photos or video, and share them online.</li><li><br></li><li><strong>Protune delivers cinema-quality video</strong></li><li>Features manual settings for frame rate, color, ISO limit, exposure and other settings for more dynamic photos and videos.</li><li><br></li><li><strong>Create a time-lapse video automatically</strong></li><li>Time-lapse mode lets you select from various time intervals without the need to edit.</li><li><br></li><li><strong>Tag key moments for easy reference while recording or playing back videos</strong></li><li>Use the HiLight Tag function on the Smart Remote or GoPro app to zip right to the spot you want to watch or edit.</li><li><br></li><li><strong>Standard waterproof housing</strong></li><li>Waterproof down to 131\' when enclosed in housing.</li><li><br></li><li><strong>Wearable, mountable design lets you catch all the action from the first-person perspective</strong></li><li>Record the action as it happens — hiking, biking, skiing and more. Compatible with most GoPro mounts. Curved and flat adhesive mounts included.</li><li><strong><br></strong></li><li><strong>Record crisp, clear audio</strong></li><li>Built-in microphone records with minimal distortion and a high dynamic range.</li><li><br></li><li><strong>microSD memory card slot</strong></li><li>Supports select memory cards for expansive storage capabilities (memory card not included).</li></ul><p><br></p><p><br></p>', '2016-04-27 04:02:38', '2016-04-27 04:02:38'),
(30, 'GoPro - HERO4 Silver Action Camera', 50, 625275974, '399.99', '0.00', 23, 8, 0, '<p><span>Capture footage of your adventures in stunning 4K video with the GoPro 4. GoPro\'s wearable, mountable design with touch-screen controls makes it easy to capture the action from your unique first-person perspective. Plus built-in Wi-Fi and Bluetooth allow you to operate the camera controls and share your videos and still shots.</span></p>', '<ul><li><strong>Capture high-quality 4K video</strong></li><li>With resolutions of 4K15, 2.7K30, 1440p48, 1080p60, 960p100 and 720p120 for ultrasharp, clear footage.</li><li><br></li><li><strong>Easily preview shots and control your camera</strong></li><li>The LCD touch-screen display lets you frame the scene before you shoot. Tap and swipe the screen to control the camera and play back content.</li><li><br></li><li><strong>Ultrawide-angle glass lens captures an expansive field of view</strong></li><li>For stunning videos and photos. Ultrawide, medium and narrow field-of-view options allow you to select your perspective.</li><li><strong><br></strong></li><li><strong>Capture low-light scenes using Night Photo and Night Lapse modes</strong></li><li>Customize exposure settings for single and time lapse photos. Auto low-light mode adjusts frame rates based on lighting conditions for optimal low-light performance.</li><li><br></li><li><strong>Capture stunning 12.0MP photos and burst photos up to 30 fps</strong></li><li>Take high-resolution photographs suitable for cropping and enlarging, or hold the shutter button down for burst shooting up to 30 frames per second (fps).</li><li><br></li><li><strong>Built-in Wi-Fi and Bluetooth make it easy to edit, watch and share</strong></li><li>Use the GoPro app (download required) or Smart Remote (sold separately) to wirelessly transfer, watch and edit photos or video, and share them online.</li><li><br></li><li><strong>Protune delivers cinema-quality video</strong></li><li>Features manual settings for frame rate, color, ISO limit, exposure and other settings for more dynamic photos and videos.</li><li><br></li><li><strong>Create a time-lapse video automatically</strong></li><li>Time-lapse mode lets you select from various time intervals without the need to edit.</li><li><br></li><li>Tag key moments for easy reference while recording or playing back videos</li><li><strong><strong>Use the HiLight Tag function on the Smart Remote or GoPro app (download required) to zip right to the spot you want to watch or edit.</strong></strong></li><li><strong><br></strong></li><li><strong>Standard waterproof housin</strong>g</li><li>Waterproof down to 131\' when enclosed in housing.</li><li><strong><br></strong></li><li><strong>Wearable, mountable design lets you catch all the action from the first-person perspective</strong></li><li>Record the action as it happens — hiking, biking, skiing and more. Compatible with most GoPro mounts. Curved and flat adhesive mounts included.</li><li><strong><br></strong></li><li><strong>Record crisp, clear audio</strong></li><li>Built-in microphone records with minimal distortion and a high dynamic range.</li><li><strong><br></strong></li><li><strong>microSD memory card slot</strong></li><li>Supports select memory cards for expansive storage capabilities (memory card not included).</li></ul><p><br></p><p><br></p>', '2016-04-27 04:06:00', '2016-04-27 04:06:00'),
(31, 'GoPro - HERO4 Session HD Waterproof Action Camera', 74, 804878051, '199.99', '0.00', 23, 8, 1, '<p><strong>GoPro HERO4 Session HD Waterproof Action Camera:</strong><span><span>&nbsp;</span>Capture high-definition footage of your adventures with the GoPro HERO4 Session HD. This waterproof camera has a wearable, mountable design that makes it easy to capture all the action from your unique first-person perspective. Plus built-in Wi-Fi and Bluetooth allow you to operate the camera controls and share your videos and still shots.</span></p>', '<ul><li><strong>Capture high-quality video</strong></li><li>With resolutions of 1440p30, 1080p60 and 720p100 for crisp, clear footage.</li><li><br></li><li><strong>Auto Low Light mode adjusts frame rates based on lighting conditions</strong></li><li>For optimal low-light performance.</li><li><br></li><li><strong>Waterproof design</strong></li><li>Lets you capture your underwater adventures in stunning high definition at depths of up to 33\'.</li><li><br></li><li><strong>Auto image rotation keeps things right side up</strong></li><li>Automatically adjusts the capture orientation so you don\'t have to adjust it in post-production.</li><li><br></li><li><strong>Capture 8.0MP photos and burst photos up to 10 fps</strong></li><li>Take sharp 8.0-megapixel still photographs suitable for cropping and enlarging, or hold the shutter button down for burst shooting up to 10 frames per second (fps).</li><li><br></li><li><strong>Turn your camera on and begin recording with the touch of a single button</strong></li><li>QuikCapture one-touch activation ensures you get the shot even when things happen fast.</li><li><br></li><li><strong>Built-in Wi-Fi and Bluetooth make it easy to edit, watch and share</strong></li><li>Use the GoPro app (download required) or Smart Remote (sold separately) to wirelessly transfer, watch and edit photos or video, and share them online.</li><li><br></li><li><strong>Protune delivers cinema-quality video</strong></li><li>Features manual settings for ISO limit and sharpness for more dynamic photos and videos.</li><li><br></li><li><strong>Tag key moments for easy reference while recording or playing back videos</strong></li><li>Use the HiLight Tag function on the Smart Remote or GoPro app to zip right to the spot you want to watch or edit.</li><li><br></li><li><strong>Wearable, mountable design lets you catch all the action from the first-person perspective</strong></li><li>Record the action as it happens — hiking, biking, skiing and more. Compatible with most GoPro mounts. Curved and flat adhesive mounts included.</li><li><br></li><li><strong>Dual microphone system</strong></li><li>Automatically switches to the mic that will capture the best audio for reduced wind noise.</li><li><br></li><li><strong>microSD memory card slot</strong></li><li>Supports select memory cards for expansive storage capabilities (memory card not included).</li></ul><p><br></p><p><br></p>', '2016-04-27 04:08:52', '2016-04-27 04:08:52'),
(32, 'Turtle Beach - Ear Force XO SEVEN PRO Gaming Headset for Xbox One', 62, 211233343, '106.99', '149.99', 25, 19, 1, '<p><span>Dive into your games, chats, movies and music with this headset that features the new Ear Force Headset Audio Controller Plus to deliver customized and optimal sound for your favorite entertainment. Keep close tabs on enemy soldiers or weapon reloads with the help of Superhuman Hearing mode. Plus, the tournament-grade design delivers rugged durability you need for heated competition, as well as amazing audio quality and features needed to win.</span></p>', '<ul><li><strong>Connect to current gaming devices</strong></li><li>Compatible with your Xbox One, mobile devices and tablets.</li><li><br></li><li><strong>Customize the look of your headset</strong></li><li>Customize your headset with dozens of changeable speaker plates (sold separately) depicting everything from your favorite video games to super heroes.</li><li><br></li><li><strong>Make your voice heard</strong></li><li>The removable mic boom lets you chat with friends on Xbox Live or Skype, trash-talk opponents and strategize with teammates. Hear your own voice in the headset to avoid shouting with Mic Monitoring.</li><li><br></li><li><strong>Booming highs and lows</strong></li><li>Enjoy crisp, clear sound from your video games with the 50mm neodymium speakers.</li><li><br></li><li><strong>Lose yourself in your games, movies and music</strong></li><li>The all-new Ear Force Headset Audio Controller Plus lets you customize your audio with innovative tools, such as Superhuman Hearing mode, game and mic presets and Mic Monitoring.</li><li><strong><br></strong></li><li><strong>Get the perfect audio balance</strong></li><li>Adjust game and chat volume separately, fine tune the master volume and even mute the microphone.</li><li><br></li><li><strong>Enjoy a personalized audio experience</strong></li><li>With game presets, such as Natural Sound, Bass Boost, Bass and Treble Booster and Vocal Booster, and environmental mic presets, like Quiet, Normal and Loud rooms, you can customize your audio.</li><li><strong><br></strong></li><li><strong>Pinpoint enemy footsteps and weapon reloads</strong></li><li>Superhuman Hearing mode gives you a competitive advantage on the virtual battlefield.</li><li><br></li><li><strong>Stay comfortable</strong></li><li>Play for extended periods with memory foam ear cushions.</li><li><br></li><li><strong>Take on your next contest with confidence</strong></li><li>The headset is tournament-ready thanks to its rugged design that withstands heated competition.</li></ul><p><br></p><p><br></p>', '2016-04-27 04:14:17', '2016-04-27 04:14:17'),
(33, 'Microsoft - Xbox One Chat Headset - Black', 93, 881485573, '24.99', '0.00', 25, 13, 1, '<p><span>Keep your in-game communications crisp with the Xbox One Chat Headset. Hear friends and foes in crystal-clear digital audio. The Chat Headset is designed for comfort during long gaming sessions. Plus, you can adjust the mute and volume settings without taking your hands off the controller.</span></p>', '<ul><li><strong>A better multiplayer experience</strong></li><li>Chat privately with your friends while gaming. Chat in crystal-clear digital audio. Lightweight and comfortable for long gaming sessions. Responsive microphone.</li><li><br></li><li><strong>Easy to use</strong></li><li>Connects to Xbox One Wireless Controller—no batteries needed. Mute and volume controls at your fingertips.</li><li><br></li><li><strong>Additional features</strong></li><li>On-ear speaker design. Unidirectional microphone. Wearable on left or right ear. Simple to use—plug into controller and go. Can be used for Skype.</li></ul><p><br></p><p><br></p>', '2016-04-27 04:17:17', '2016-04-27 04:17:17'),
(34, 'Astro Gaming - A40 Wired Stereo Gaming Headset for Xbox One', 49, 427691087, '199.99', '219.99', 25, 21, 0, '<p><span>Every detail matters when you\'re gaming. Missing the quiet footsteps of an approaching foe or a crucial command in the heat of battle can mean the difference between an amazing victory and crushing defeat. You want to capture every word of dialogue, each in-game sound and every note of the soundtracks that accompany your favorite games. Surround yourself with high-quality sound with this<span>&nbsp;</span></span><strong>headset</strong><span>.</span></p><p><br></p><p><span>Enjoy every detail of your favorite games\' lush soundscapes with this<span>&nbsp;</span></span><strong>A40 Wired Gaming Headset</strong><span>, which delivers clear, vibrant audio when connected to your Xbox One. Hear even the most subtle sounds in crisp detail with pure, vivid sonic performance. Communicate clearly with fellow players with the included microphone. Stay comfortable during all-day gaming sessions with a lightweight design.</span></p>', '<ul><li>Enhance your audio experience while gaming with this A40 wired headset, A40 microphone, MixAmp, ASTRO speaker tags, 3.3\' A40 audio cable and 1.6\' micro USB cable</li><li><br></li><li>Experience rich, brilliant sound with intense clarity and minute detail</li><li><br></li><li>Communicate clearly with the included microphone</li><li><br></li><li>Stay comfortable during the longest gaming sessions thanks to a lightweight design</li><li><br></li><li>Compatible with Xbox One</li><li><br></li></ul><p><br></p>', '2016-04-27 04:19:21', '2016-04-27 04:19:21'),
(35, 'Turtle Beach - Star Wars X-Wing Pilot Over-The-Ear Gaming Headset', 39, 849391428, '49.99', '0.00', 26, 19, 0, '<p><span>Battle to the top against your gaming enemies and strategize with allies using this Turtle Beach<span>&nbsp;</span></span><strong>Star Wars</strong><span><span>&nbsp;</span>X-Wing Pilot TBS-431001 headset, which is compatible with PlayStation 4, PlayStation Vita, Xbox One, Mac and PC to suit your gaming preferences.</span></p>', '<ul><li><strong>Over-the-ear design</strong></li><li>Offers comfortable listening during marathon gaming sessions.</li><li><br></li><li><strong>40mm neodymium speakers</strong></li><li>Produce stereo sound with booming lows and clear highs.</li><li><br></li><li><strong>Compatible with PlayStation 4, PlayStation Vita, Xbox One, Mac and PC</strong></li><li>For versatile use with your favorite gaming platforms and compatible mobile devices.</li><li><br></li><li><strong>In-line remote</strong></li><li>Provides volume and mute controls at your fingertips, so you can make adjustments while staying focused on the game.</li><li><br></li><li><strong>Omnidirectional high-sensitivity microphone with removable boom</strong></li><li>Transmits clear audio, so you can create strategies and triumph over your enemies.</li><li><br></li><li><strong>Goes beyond the game</strong></li><li>Utilize the headset for Skype, listening to music and watching videos.</li><li><br></li><li><strong>Lightweight construction</strong></li><li>Offers hours of comfort.</li><li><br></li><li><strong>Star Wars X-Wing Pilot design</strong></li><li>Helps you channel the Force and defeat the Empire.</li></ul><p><br></p><p><br></p>', '2016-04-27 04:21:26', '2016-04-27 04:21:26'),
(36, 'Sony - Gold Wireless Stereo Headset for PlayStation 4', 72, 738279929, '99.99', '0.00', 26, 17, 1, '<ul><li><br><strong>Product Features</strong></li><li>Connect to most current gaming devices</li><li>Compatible with your PS4, PS3, PlayStation Vita, mobile device, Mac and PC.</li><li><br></li><li><strong>Virtual surround sound gaming</strong></li><li>Pinpoint where the action is with the stunning 7.1 virtual surround sound.</li><li><strong><br></strong></li><li><strong>Download exclusive audio enhancements</strong></li><li>The Headset Companion app provides custom audio settings created exclusively for PlayStation to enhance audio in supported games.</li><li><br></li><li><strong>Make your voice heard</strong></li><li>Reduce unwanted noise with the hidden, noise-canceling microphone.</li><li><strong><br></strong></li><li><strong>Customize the look of your headset</strong></li><li>Removable faceplates (sold separately) can be swapped out to show off your style.</li><li><br></li><li>Full feature set only available on PS4 and PS4 systems. Compatible with most mobile device. Certain features may vary based on device.</li></ul><p><br></p><p><br></p><p><br></p><p><br></p><p><br></p><p><br></p><p><br></p><p><br></p>', '', '2016-04-27 04:22:51', '2016-04-27 04:22:51'),
(37, 'Astro Gaming - A40 Wired Surround Sound Gaming Headset + MIXAMP Pro', 14, 882511634, '249.99', '0.00', 26, 21, 0, '<p><span>You game with the best, so it\'s crucial that you\'re always aware of the environment around you. Every snap of a twig or communication among teammates is critical to getting the win. With the<span>&nbsp;</span></span><strong>A40 Wired Surround Sound Gaming Headset</strong><span>, you can hear every detail in stunning clarity thanks to ASTRO Audio and an optimal balance between in-game sounds and vocal transmissions. It\'s easy to deliver instructions or just chat after a legendary victory with a precision microphone — and when you\'re done playing, simply remove the mic to enjoy your favorite tunes or movie audio. Pro gamers and livestreamers will appreciate the digital components of the included<span>&nbsp;</span></span><strong>MIXAMP Pro</strong><span>, which help make lag and interference a thing of the past. Enhance your next gaming session with bold, crisp sound that puts you in the heart of the action.</span></p>', '<ul><li>Includes A40 Wired Surround Sound Gaming Headset, MIXAMP Pro, ASTRO Command Center software and cables</li><li><br></li><li>Immerse yourself in rich, lifelike sound thanks to ASTRO Audio</li><li><br></li><li>Stay in constant communication during critical missions with a precision microphone that clearly captures vocal sound and can be removed for flexible use</li><li><br></li><li>Make sure you can hear subtle audio details and important conversations with balanced game and voice audio</li><li><br></li><li><strong>MIXAMP Pro</strong></li><li>utilizes reliable all-digital components to prevent lag and interference, so you can live stream your gaming sessions or compete in pro-level tournaments</li><li><br></li><li>Modify your headset to suit your preferences with a variety of optional components, including speaker tags, microphones and ear cushions (not included).</li><li><br></li><li>Compatible with PlayStation 4, PlayStation 3 and Windows</li><li><br></li></ul><p><br></p>', '2016-04-27 04:24:15', '2016-04-27 04:24:15'),
(38, 'Beats by Dr. Dre - Solo 2 On-Ear Headphones - Black', 50, 172362782, '129.99', '199.99', 27, 3, 1, '<p><span>These Beats by Dr. Dre Solo 2 900-00134-01 on-ear headphones feature a compact, foldable design for easy portability. The included RemoteTalk cable lets you take calls and control music with most iOS devices.</span></p>', '<ul><li><strong>On-ear design</strong></li><li>With leather ear cushions provides comfortable listening.</li><li><strong><br></strong></li><li><strong>RemoteTalk cable with microphone</strong></li><li>Enables you to take calls and control music with most iOS devices.</li><li><br></li><li><strong>Compact, foldable design</strong></li><li>Allows easy portability and storage.</li><li><br></li><li><strong>Streamlined, lightweight construction</strong></li><li>For extended use.</li></ul><p><br></p><p><br></p>', '2016-04-27 04:29:18', '2016-04-27 04:29:18'),
(39, 'Beats by Dr. Dre - Solo 2 On-Ear Headphones - Red', 54, 927798972, '129.99', '199.99', 27, 3, 0, '<p><span>These Beats by Dr. Dre Solo 2 900-00136-01 on-ear headphones feature a compact, foldable design for easy portability. The included RemoteTalk cable lets you take calls and control music with most iOS devices.</span></p>', '<ul><li><strong>On-ear design</strong></li><li>With leather ear cushions provides comfortable listening.</li><li><br></li><li><strong>RemoteTalk cable with microphon</strong>e</li><li>Enables you to take calls and control music with most iOS devices.</li><li><br></li><li><strong>Compact, foldable design</strong></li><li>Allows easy portability and storage.</li><li><br></li><li><strong>Streamlined, lightweight construction</strong></li><li>For extended use.</li></ul><p><br></p><p><br></p>', '2016-04-27 04:31:53', '2016-04-27 04:31:53'),
(40, 'Beats by Dr. Dre - Powerbeats2 Wireless Earbud Headphones - Yellow', 74, 779078901, '149.99', '0.00', 27, 3, 1, '<p><span>The Active Collection\'s Powerbeats2 Wireless earphones give you the freedom to take your run or workout anywhere in style with your iPhone or iPod. Inspired by LeBron James, Beats Powerbeats2 Wireless is designed to defy the ordinary while catapulting athletes towards unparalleled performance. Lightweight and engineered with the power of dual-driver acoustics, the reimagined wireless earphones deliver the premium sound and performance needed to propel you through your run or workout.</span></p><p><br></p><p><strong>More freedom. More power.</strong></p><p><span>From the street to the court, Powerbeats2 Wireless gives you the freedom to take your workout anywhere. Wireless Bluetooth gives you the ability to connect up to 30 feet to your iPhone, iPod, or other Bluetooth enabled device—allowing you to move freely and stay focused. A rechargeable battery gives you the power to endure to the end. If you\'re on empty, a quick charge delivers extra non-stop playback.</span></p><p><br></p><p><strong>Built to endure</strong></p><p><span>Don\'t let sweat stop you. Powerbeats2 Wireless is sweat and water resistant, with over-molding on the RemoteTalk control for a no-slip grip when changing volume, switching tracks, and making hands-free calls.</span></p><p><br></p><p><strong>Music you can feel</strong></p><p><span>Add power to your sound. Dual-driver acoustics deliver a wide range of frequency with crisp highs and powerful lows to inspire you through your run and workout.</span></p><p><br></p><p><strong>Designed to perform</strong></p><p><span>We designed it with you, the athlete and runner, in mind. Powerbeats2 Wireless is lightweight and compact with adjustable earhooks, providing a comfortable and secure fit.</span></p>', '<ul><li>Rechargeable battery</li><li><br></li><li>Pair and play with your iPhone, iPad® or other Bluetooth device within a 30-foot range</li><li><br></li><li>Premium sound in a lightweight design with adjustable earhooks</li><li><br></li><li>Sweat and water resistant</li><li><br></li><li>Take hands-free calls and adjust music with no-slip-grip RemoteTalk control*</li><li><br></li><li>Compatible with Apple iPhone 3Gs, 4, 4S, 5, 5c, 5s, 6 and 6 Plus, iPad, iPad 2, iPad 3rd generation, iPad with Retina, iPad mini, iPad mini 2, iPad mini 3, iPad Air and iPad Air 2</li><li><br></li><li>Also compatible with iPod nano 7th generation, iPod touch 2nd-, 3rd- and 4th-generation, 16GB, 32GB and 64GB iPod touch 5th generation, Apple Watch™ 38mm and Apple Watch 42mm</li><li><br></li><li>*Functionality varies by iOS device.</li><li><br></li><li>Apple, the Apple logo and iTunes are trademarks of Apple Computer, Inc., registered in the U.S. and other countries. iPod is a trademark of Apple Computer, Inc.</li><li><br></li><li>iPad is a trademark of Apple Inc., registered in the U.S. and other countries</li><li><br></li><li>Apple Watch™ is a trademark of Apple Inc.</li></ul><p><br></p><p><br></p>', '2016-04-27 04:34:15', '2016-04-27 04:34:15'),
(41, 'Bose - QuietComfort 25 Acoustic Noise Cancelling Headphones', 44, 545281504, '299.99', '0.00', 27, 4, 0, '<p><span>Enjoy crisp, powerful sound — and quiet that lets you hear your music better — with these Bose® QuietComfort® 25 around-the-ear headphones, which monitor the noise around you and cancel it out, helping you focus on what matters.</span></p>', '<ul><li><strong>Bose® noise cancelling technology</strong></li><li>Blocks out the sounds you don\'t want to hear, so you can focus on the music you love.</li><li><br></li><li><strong>Proprietary audio technologies</strong></li><li>Bose® Active EQ and TriPort® technologies deliver crisp, clear, full-range sound with deep lows and soaring highs.</li><li><br></li><li><strong>Unpowered audio</strong></li><li>Offers performance similar to Bose around-ear audio headphones when the battery runs out.</li><li><br></li><li><strong>Around-the-ear design</strong></li><li>With QuietComfort® earcup cushions for optimal performance, reduced ambient noise and comfort during extended listening sessions. Folding earcups provide compact storage for simple transport.</li><li><br></li><li><strong>Lightweight materials</strong></li><li>Combined with around-ear fit so comfortable, you can wear them all day long.</li><li><br></li><li><strong>In-line microphone and remote</strong></li><li>Designed for select Apple® iPhone®, iPad® and iPod® models and compatible with other popular phones, so you can easily make and receive hands-free phone calls and control music playback.</li></ul><p><br></p><p><br></p>', '2016-04-27 20:32:57', '2016-04-27 20:32:57'),
(42, 'Microsoft - Xbox One 500GB Gears of War: Ultimate Edition Bundle', 74, 561899254, '299.99', '349.99', 28, 13, 0, '<p><span>Featuring a full-game download of Gears of War: Ultimate Edition, the Superstar Cole multiplayer skin, and early access to the Gears of War 4 Beta. Experience the original Gears of War rebuilt from the ground up in 1080p, including 60FPS competitive multiplayer with 19 maps and six game modes, and five campaign chapters never released on console. And for a limited time, when you play Gears of War: Ultimate Edition on Xbox Live, you’ll get the entire Xbox 360 Gears of War collection to play on Xbox One at no additional cost. Gears of War: Ultimate Edition is also your ticket to the Gears of War 4 Beta. This is the first Gears at its best – a bundle for veterans of the series and newcomers alike.</span></p>', '<ul><li><strong>Gears of War: Ultimate Edition game download* included</strong></li><li>Re-experience the epic and legendary title that helped define the first generation of high-definition gaming, fully remastered in full 1080p at 60 fps.</li><li><br></li><li><strong>Powerful processing and impressive graphics</strong></li><li>The Xbox One is the most powerful member of the Xbox family to date, able to deliver bigger worlds and better graphics than the Xbox 360.</li><li><br></li><li><strong>Wireless controller included</strong></li><li>The Xbox One controller features more than 40 design improvements over the Xbox 360 controller. From refined ergonomics to improved response time, this is a state-of-the-art piece of gaming technology.</li><li><br></li><li><strong>Kinect 2.0 (sold separately) gives you the option to play without a controller</strong></li><li>Wave your arms, kick, jump and more to interact with Kinect-enabled games, and command apps with your voice or a wave of your hand.</li><li><br></li><li><strong>500GB of storage</strong></li><li>Substantial hard drive lets you store several blockbuster games and plenty of apps, indie titles, recorded game footage and more without running out of room.</li><li><br></li><li><strong>A robust catalog of streaming video services</strong></li><li>Your Xbox One acts as an all-in-one media streaming hub with Netflix**, Hulu Plus**, HBO Go** and more. Xbox Video allows you to buy or rent videos digitally.</li><li><br></li><li><strong>Stream a multitude of sports in HD</strong></li><li>Sports on Xbox brings several streaming platforms together into one convenient place, with apps such as ESPN,* the NFL on Xbox One and more.</li><li><strong><br></strong><br></li><li><strong>Watch cable TV without unplugging anything</strong></li><li>HDMI pass-thru lets you keep your cable TV hooked up through your Xbox One, so switching between TV and gaming is quick and easy.</li><li><strong><br></strong><br></li><li><strong>The Internet comes to your console</strong></li><li>Surf the Internet from the comfort of your couch with Internet Explorer for Xbox One, which works in conjunction with Kinect (sold separately) to let you browse using voice commands.</li><li><br></li><li><strong>3 USB 3.0 ports to connect headsets and peripherals to your Xbox One</strong></li><li>With a Play &amp; Charge kit, controller batteries can be charged via micro USB cable. (Won\'t recharge generic rechargeable batteries. Play &amp; Charge kit sold separately.)</li><li><br></li><li><strong>Connect with your mobile devices</strong></li><li>SmartGlass allows you to interact using your PC, smartphone or tablet. Navigate menus, display additional information about the videos you watch, and use multiplayer matchmaking without interrupting your game.</li><li><br></li><li><strong>Blu-ray delivers exceptional video quality for your games and movies</strong></li><li>Watch Blu-ray and DVD video content. Blu-ray game discs have several times the capacity of DVD-based discs, allowing massive games to fit comfortably on a single disc.</li><li><strong><br></strong><br></li><li><strong>14 days of Xbox Live Gold included</strong></li><li>Xbox Live brings you an elegant online experience, where you can play your games online, set up chat groups, talk with your friends, watch streaming video, and more.</li></ul><p><br></p><p><br></p>', '2016-04-27 20:37:16', '2016-04-27 20:38:28');
INSERT INTO `products` (`id`, `product_name`, `product_qty`, `product_sku`, `price`, `reduced_price`, `cat_id`, `brand_id`, `featured`, `description`, `product_spec`, `created_at`, `updated_at`) VALUES
(43, 'Microsoft - Xbox One Limited Edition Halo 5: Guardians Bundle', 0, 618385942, '449.99', '499.99', 28, 13, 0, '<p><span>Own the Limited Edition Halo 5: Guardians Bundle, featuring a 1TB custom console and controller, a full game download of Halo 5: Guardians, the Warzone REQ Bundle that includes 14 premium Requisition Packs, FOTUS-class armor and multiplayer emblem. It also includes a Guardian model by Metal Earth, Halo: The Fall of Reach — Animated Series, Blue &amp; Osiris team dossiers, and Spartan Locke\'s Classified Orders. With design inspired by Spartan Locke and UNSC technology, this extraordinary console and controller take you deeper into the Halo Universe. From the metallic blue accents and military insignias to the custom sound effects, this is dedicated to Halo fans.</span></p>', '<ul><li><strong>Xbox One Limited Edition Halo 5: Guardians Bundle</strong></li><li>Limited Halo 5: Guardians Bundle, with a custom 1TB console and controller Design inspired by Spartan Locke and UNSC technology, with custom Halo sound effects</li><li><br></li><li>Includes a uniquely designed Spartan themed SteelBook containing a full game download of Halo 5: Guardians, Warzone REQ Bundle, FOTUS-class armor and multiplayer emblem</li><li><br></li><li>Features a Guardian model by Metal Earth, Halo: The Fall of Reach — Animated Series, and Spartan Locke\'s Classified Orders</li><li><br></li><li><strong>Contents</strong></li><li>UNSC and Spartan Locke-inspired Xbox One 1TB console and controller Spartan-themed SteelBook Halo 5: Guardians Limited Edition full game download</li><li><br></li><li>Warzone REQ bundle, FOTUS-class armor, multiplayer emblem Metal Earth Guardian model Halo: The Fall of Reach — Animated Series Spartan Locke\'s Classified Orders HDMI, power supply</li><li><br></li><li><strong>Jump ahead with Xbox One.</strong></li><li><br></li><li>Play the greatest games lineup in Xbox history</li><li>Play the best exclusives with Halo 5: Guardians, Rise of the Tomb Raider, Forza Motorsport 6, and Gears of War: Ultimate Edition.</li><li><br></li><li><strong>Play your digital and disc-based Xbox 360 games.</strong></li><li><br></li><li>Own the biggest blockbusters like Fallout 4, FIFA 16, and Tom Clancy\'s Rainbow Six Siege</li><li><br></li><li>The only one where you can play new EA games for a limited time before they\'re released, including FIFA 16, Star Wars Battlefront, and Madden NFL 16</li><li><br></li><li><strong>Be a Part of Xbox Live, the world\'s premier gaming community</strong></li><li>Play with friends on the most advanced multiplayer network</li><li><br></li><li>Powered by hundreds of thousands of servers that maximize performance and reduce lag and cheating</li><li><br></li><li>The only one where you can connect with friends and play across Xbox One and Windows 10 PCs</li><li><br></li><li>Get a better multiplayer experience with the player-powered reputation system</li><li><br></li><li><strong>Enjoy Games, Entertainment, and TV, all in one</strong></li><li>Quickly switch back-and-forth between games, live TV, and apps</li><li><br></li><li>Receive multiplayer invites while watching live TV, Netflix, and Blu-ray movies</li><li><br></li><li>Enjoy popular apps like Skype, Sling TV, NFL, HBO GO, and ESPN</li><li><br></li><li>The only one with the OneGuide, a personalized entertainment guide across live TV, apps and more</li><li><br></li><li>The only one that lets you snap a live stream or tutorial alongside your game</li><li><br></li><li><strong>Experience advanced technology that keeps getting better</strong></li><li>Pause your game and instantly resume where you left offThe only one where you can stream your Xbox One games to a Windows 10 PC or tablet in your home</li><li><br></li><li>Get new features and enhancements all the time, with more than two hundred added since launch</li><li><br></li><li>Play with the Xbox Elite Wireless Controller and revolutionary Kinect technology</li></ul><p><br></p><p><br></p>', '2016-04-27 20:40:19', '2016-04-27 21:45:55'),
(44, 'Microsoft - Xbox One Wireless Controller - Black', 93, 969538029, '59.99', '0.00', 30, 13, 1, '<p><span>Experience the unique intensity, precision and comfort of the Xbox One Wireless Controller. Impulse Triggers deliver fingertip vibration feedback, so you can feel every jolt and crash in high definition. Responsive thumbsticks and an enhanced D-pad provide greater accuracy. Plug any compatible headset into the standard 3.5mm stereo headset jack. Works with Xbox One and Windows 10 PCs and Tablets.*</span></p>', '<ul><li><strong>The greatest gamepad—now even better</strong></li><li>Feel the action with Impulse Triggers. Vibration motors in the triggers provide precise fingertip feedback bringing weapons, crashes, and jolts to life for a whole new level of gaming realism.</li><li><br></li><li><strong>Precision</strong></li><li>D-pad design is responsive to both sweeping and directional movements. Thumbsticks enable better grip and accuracy. Trigger and bumpers are designed for quicker access.</li><li><br></li><li><strong>Comfort</strong></li><li>Grips and contours have been designed to fit a wider range of hand sizes comfortably. Batteries fit inside the controller body, allowing your hands more room to naturally grip the controller.</li><li><br></li><li><strong>Additional features</strong></li><li>Contents: Wireless Controller and AA Batteries (2). Up to 18ft wireless range. Connect up to 8 Wireless Controllers at once to your console. Menu and View buttons for easy navigation. Seamless profile and controller pairing.</li><li><br></li><li>Built-in stereo headset jack for add on devices like the Chat Headset. Compatible with Xbox One Play and Charge Kit, Xbox One Chat Headset, and Xbox One Stereo Headset.</li><li><br></li></ul><p><br></p>', '2016-04-27 20:42:47', '2016-04-27 20:42:47'),
(45, 'Microsoft - Xbox Elite Wireless Controller for Xbox One - Black', 93, 374285292, '149.99', '0.00', 30, 13, 0, '<p><span>We set out to create a performance-class controller to meet the needs of today\'s competitive gamers. Designed in collaboration with pro-level players, the<span>&nbsp;</span></span><strong>Xbox Elite Wireless Controller</strong><span><span>&nbsp;</span>unlocks your full potential and adapts to your unique style of play. Experience game-changing accuracy, faster speed, and a tailored feel unlike anything before.</span></p>', '<ul><li><strong>Improve your performance and fit:</strong></li><li>Swap between a variety of metal thumbsticks and D-pads for personalized control and ergonomics.</li><li><br></li><li>Discover configurations that can improve accuracy, speed, and reach with thumbsticks of different shapes and sizes. The Xbox Elite controller adapts to your hand size and play style.</li><li><br></li><li>You\'ll experience better control whether you play FPS, racing, fighting, or other genres. The new, faceted D-pad enables easier and more reliable combo execution, while the traditional D-pad provides precise control to change weapons or call in a strike.</li><li><br></li><li><strong>Control, combinations, and confidence:</strong></li><li>The Xbox Elite Wireless Controller has four slots for interchangeable paddles.</li><li><br></li><li>Easily attach and remove them without any tools. Choose to attach some or all of the paddles, and configure the controller to what\'s best for you.</li><li><br></li><li>The paddles give your fingers more control, so you can execute devastating moves and experience more efficient control.</li><li><br></li><li>Now you don\'t have to take your thumbs off the thumbstick to execute intricate jump, aim, and shoot combinations. With the app*, you can assign a wide range of inputs to each paddle.</li><li><strong><br></strong><br></li><li><strong>Fire faster with Hair Trigger Locks:</strong></li><li>With the flip of the Hair Trigger Locks, you can fire more quickly and save valuable time with each trigger pull.</li><li><br></li><li>Hair Trigger Locks stop the trigger movement after the shot and get you ready for the next one. Simply flip the switch again to get back to full-range trigger motion.</li><li><br></li><li>Each trigger has its own Hair Trigger Lock for independent control. Within the app, you can further fine-tune trigger settings.</li><li><br></li><li><strong>Infinite freedom and flexibility:</strong></li><li>Customize your experience even further with an easy-to-use app*. Adjust trigger min/max values, thumbstick sensitivities, button assignments, and more, so the controls are exactly the way you want them.</li><li><br></li><li>Assign any of 14 inputs to the ABXY buttons, paddles, D-pad, triggers, and thumbstick clicks.</li><li><br></li><li>Create as many controller profiles as you like in the app and have tailored settings for any game. Load two profiles on the controller and instantly change between them with the built-in Profile Switch. The possibilities are virtually limitless.</li><li><br></li><li><strong>This is what performance feels like:</strong></li><li>Every surface and detail is designed to meet the rigorous demands of competitive gamers.</li><li><br></li><li>Stainless steel thumbstick shafts, D-pads, and paddles are built to last. Low-friction, reinforced rings around each thumbstick minimize wear and provide buttery-smooth action.</li><li><br></li><li>Rubberized diamond grip gives the controller a more substantial feel while providing more stability. The enhanced grip also allows you to hold the controller with less effort, so you can play longer and more comfortably.</li><li><br></li></ul><p><br></p>', '2016-04-27 20:48:30', '2016-04-27 20:48:30'),
(46, 'Tom Clancy\'s The Division - Xbox One', 93, 885237095, '59.99', '0.00', 29, 13, 0, '<p><strong>Tom Clancy\'s The Division</strong><span><span>&nbsp;</span>is a revolutionary next-gen experience that brings the RPG into a modern military setting for the first time. In the wake of a devastating pandemic that sweeps through New York City, basic services fail one by one, and without access to food or water, the city quickly descends into chaos. As an agent of The Division, you\'ll specialize, modify, and level up your gear, weapons, and skills to take back New York on your own terms.</span></p>', '<ul><li><strong>SEAMLESS MULTIPLAYER: THE DARK ZONE</strong></li><li>— Collaborate with other players, or attack and steal their loot.</li><li><br></li><li><strong>A LIVING, BREATHING WORLD</strong></li><li>— Use the environment for strategic advantages to dominate fights and ambush your enemies.</li><li><br></li><li><strong>URBAN JUNGLE</strong></li><li>— Fight the Cleaners who wield flamethrowers, take on thugs who roam the city, and encounter enemy factions.</li><li><br></li><li><strong>GEAR UP AND CUSTOMIZE YOUR AGENT</strong></li><li>— Customize your agent and your backpack. Level up your weapons, gear, and skills.</li><li><br></li><li><strong>CUTTING-EDGE TECH</strong></li><li>— Choose and upgrade your skills, and synergize with teammates to increase your chances of winning in combat.</li><li><br></li><li><br></li></ul>', '2016-04-27 20:50:25', '2016-04-27 20:50:25'),
(47, 'Halo 5: Guardians - Xbox One', 93, 561504900, '59.99', '0.00', 29, 13, 0, '<p><span>A mysterious and unstoppable force threatens the galaxy, the Master Chief is missing and his loyalty questioned. Experience the most dramatic Halo story to date in a 4-player cooperative epic that spans three worlds. Challenge friends and rivals in new multiplayer modes: Warzone, massive 24-player battles, and Arena, pure 4-vs-4 competitive combat.*</span></p>', '<ul><li>An intense new story on a galactic scale: Play as the Master Chief and Spartan Locke as the hunt plays out across three new worlds.</li><li><br></li><li>Your team is your weapon: Choose how to achieve objectives while playing solo with AI teammates or with friends in a 4-player cooperative experience using your Xbox Live 14-day Gold trial.1</li><li><br></li><li>Warzone: New, massive-scale multiplayer mode that supports 24-player battles with both friendly and enemy AI dropping in. It\'s nonstop action when you confront Spartans, Covenant, and Forerunners while trying to complete a variety of objectives.</li><li><br></li><li>Arena: Halo\'s established legacy of pure, skill-based 4-vs-4 competitive combat.</li><li><br></li><li>New rewards system: Earn Requisition Points throughout the multiplayer experience, redeemable for REQ packs that deliver new gear, weapons, vehicles, and more.</li><li><br></li><li>Extensive Multiplayer Content: Receive more than 15 new free maps and earn fresh, new content like weapons and gear, each month after launch.1</li><li><br></li><li>1Offer cannot be transferred, redeemed for cash, or combined with any other offer. Offer is not valid on prior Xbox Live Gold membership purchases.</li><li><br></li><li>After 14-day trial, online multiplayer features require Xbox Live Gold membership (sold separately). Monthly Updates from December 2015 through June 2016. Download from Xbox Live; ISP fees apply. Dates and content subject to change.</li><li><br></li></ul><p><br></p>', '2016-04-27 20:52:42', '2016-04-27 20:52:42'),
(48, 'Gears Of War 4: Ultimate Edition - Xbox One', 93, 719033572, '99.99', '0.00', 29, 13, 1, '<p><span>A new saga begins for one of the most acclaimed video game franchises in history. After narrowly escaping an attack on their village, JD Fenix and his friends, Kait and Del, must rescue the ones they love and discover the source of a monstrous new enemy.</span></p>', '<ul><li class=\"fr-text-gray\">Never Fight Alone: Enjoy two-player co-op with friends locally via split-screen, over Xbox Live or LAN. Player 2 can select either Kait or Del.</li><li class=\"fr-text-gray\"><br></li><li class=\"fr-text-gray\">Redefined Cover Gameplay: New close-cover combat moves and combat-knife executions turn each piece of cover into an offensive opportunity.</li><li class=\"fr-text-gray\"><br></li><li class=\"fr-text-gray\">Brutal New Weapons: An incredible arsenal of new weapons includes the Buzzkill and Dropshot, which can shoot around and over cover, raining destruction from all angles.</li><li class=\"fr-text-gray\"><br></li><li class=\"fr-text-gray\">Explosive Versus Multiplayer: Compete online in new and favorite game types, all at 60fps on dedicated servers. A new visible ranking system means fairer matchmaking for social, competitive and professional players alike.</li></ul><p><br></p><p><br></p>', '2016-04-27 20:55:12', '2016-04-27 20:55:12'),
(49, 'Sony - PlayStation 4 Console Limited Edition Uncharted 4 Bundle', 44, 329918575, '399.99', '0.00', 31, 17, 0, '<p><span>Featuring a custom Gray Blue console, matching DualShock¿4 Wireless controller, and Uncharted 4: A Thiefs End, its everything an aspiring treasure hunter needs to travel to exotic locations and rediscover fortunes forgotten by time.</span></p>', '<ul><li><strong>Smart Enabled</strong></li><li>Get access to a world of instant entertainment with this product. Just connect to the Internet and stream movies, listen to music, and access a wide variety of other content.</li><li><strong><br></strong></li><li><strong>PlayStation 4 console</strong></li><li>Delivers powerful graphics and speed, deeply integrated social capabilities, connected gaming, intelligent personalization, innovative second-screen features and more for a comprehensive experience.</li><li><br></li><li><strong>500GB of storage</strong></li><li>Substantial hard drive lets you store several blockbuster games and plenty of apps. Indie titles, recorded game footage and more.</li><li><br></li><li><strong>Cutting edge graphics and next gen processing speed</strong></li><li>Bring game worlds to life like never before and gets you into your games faster than ever.</li><li><br></li><li><strong>Blu-ray delivers exceptional video quality for your games and movies</strong></li><li>Watch Blu-ray and DVD video content. Blu-ray game discs have several times the capacity of DVD-based discs, allowing massive games to fit on a single disc.</li><li><br></li><li><strong>Purchase games, movies and more with the PlayStation Store</strong></li><li>Sony\'s online store features a growing library of indie games and free-to-play titles.</li><li><br></li><li><strong>Remote Play</strong></li><li>PS4 games can be played remotely on the PlayStation Vita\'s 5\" high-definition screen over a local wireless network. PlayStation Vita sold separately.</li><li><br></li><li>DUALSHOCK 4 wireless controller</li><li>Features improved dual analog sticks and trigger buttons, a sensitive SIXAXIS motion sensor and a touchpad located on the top for more control and new ways to play and interact with games.</li><li><strong><br></strong></li><li><strong>Uncharted 4: A Thiefs End</strong></li><li>Uncharted 4s multiplayer is better than ever featuring new allies, supernatural abilities, and the gear you need to outrun and overcome your rivals in fortune.</li></ul><p><br></p><p><br></p>', '2016-04-27 20:58:00', '2016-04-27 20:58:00'),
(50, 'Sony - PlayStation 4 (500GB) - Refurbished - Black', 14, 345434580, '299.99', '349.99', 31, 17, 1, '<p><span>The PS4 is a graphical powerhouse, able to deliver massive game worlds with impressive clarity and detail. 8GB of RAM allows for serious multitasking potential, complementing the great apps and features that make up the PS4 experience.</span></p><p><br></p><p><span>The PlayStation brand of consoles has an impressive history of delivering world-class exclusive games, and the trend is sure to continue with the PS4. The growing blockbuster catalog is backed by a library of free-to-play and indie games, giving you flexibility in how you pay and play.</span></p><p><br></p><p><span>The PS4 also acts as a social hub, with several built-in features that take advantage of the social networks you\'re already using. The controller\'s Share button opens up a world of video sharing, with the option to stream your gameplay live or record it to edit and post later.</span></p><p><br></p><p><span>PlayStation Vita owners will enjoy the connectivity that ties the two devices together, from Remote Play, which allows you to play your PS4 games on your Vita\'s screen over a local Wi-Fi network, to Cross-Buy, which allows you to purchase a game digitally only once and play it on both your PS4 and your Vita.</span></p>', '<ul><li><strong>Powerful processing and impressive graphics</strong></li><li>The PS4\'s advanced architecture allows the games you play to deliver more fully realized worlds and higher player counts than was possible in previous console generations.</li><li><br></li><li><strong>500GB of storage</strong></li><li>Substantial hard drive lets you store several blockbuster games and plenty of apps, indie titles, recorded game footage and more without running out of room.</li><li><br></li><li><strong>Innovative controller design</strong></li><li>The wireless DualShock 4 controller features a clickable, multitouch capacitive touchpad that can be flicked, tapped or swiped for new gameplay possibilities. USB charge cable included.</li><li><strong><br></strong></li><li><strong>Let the world watch you play</strong></li><li>The DualShock 4\'s Share button allows you to stream gameplay footage directly to Ustream or Twitch.tv, or edit videos and share them across social networks including Facebook and Twitter.</li><li><br></li><li><strong>Expand your friend list</strong></li><li>The PS4 allows you to create a list of up to 2,000 online friends.</li><li><br></li><li><strong>Download while you play</strong></li><li>Start a game download and begin playing it before the download is complete.</li><li><strong><br></strong></li><li><strong>2 USB 3.0 ports</strong></li><li>Charge your controller or connect headsets and peripherals with the speed of USB 3.0.</li><li><br></li><li><strong>Purchase games, movies and more with the PlayStation Stor</strong>e</li><li>Sony\'s online store features a growing library of indie games and free-to-play titles.</li><li><br></li><li><strong>A robust catalog of streaming video services</strong></li><li>Your PS4 acts as an all-in-one media streaming hub with Netflix,* Hulu Plus,* Crackle, Crunchyroll and more.</li><li><br></li><li><strong>The Internet comes to your console</strong></li><li>Surf the Internet from the comfort of your couch with the included Web browser.</li><li><br></li><li><strong>Remote Play</strong></li><li>PS4 games can be played remotely on the PlayStation Vita\'s 5-inch HD screen over a local wireless network. PlayStation Vita sold separately.</li><li><br></li><li><strong>Connect with your mobile devices</strong></li><li>PlayStation App allows you to view game items, purchase PS4 games and watch your PS4 game footage remotely from a smartphone or tablet.</li><li><strong><br></strong></li><li><strong>Blu-ray delivers exceptional video quality for your games and movies</strong></li><li>Watch Blu-ray and DVD video content. Blu-ray game discs have several times the capacity of DVD-based discs, allowing massive games to fit on a single disc.</li></ul><p><br></p><p><br></p>', '2016-04-27 21:01:06', '2016-04-27 21:01:06'),
(51, 'Sony - DualShock 4 Wireless Controller for PlayStation 4 - Black', 93, 789761383, '59.99', '0.00', 32, 17, 0, '<p><span><span>&nbsp;</span>Improved dual analog sticks and trigger buttons offer an impressive sense of control, while the capacitive touchpad opens up endless potential for new gameplay possibilities.</span></p>', '<ul><li><strong>Innovative controller design</strong></li><li>Features a clickable, multitouch capacitive touchpad that can be flicked, tapped or swiped for new gameplay possibilities.</li><li><br></li><li><strong>Rumble feature takes you deeper into the game</strong></li><li>Two vibration motors react to your games to give you a tactile sense of impact when you\'re interacting with in-game objects and environments.</li><li><br></li><li><strong>Plug your headset directly into your controller</strong></li><li>Supported headsets plug directly into the DualShock 4\'s 3.5mm jack. Headsets sold separately.</li><li><strong><br></strong></li><li><strong>Let the world watch you play</strong></li><li>The Share button allows you to stream gameplay footage directly to Ustream or Twitch.tv, or edit videos and share them across social networks like Facebook and Twitter.</li></ul><p><br></p><p><br></p>', '2016-04-27 21:03:40', '2016-04-27 21:03:40'),
(52, 'Sony - DualShock 4 Controller Charging Station for PlayStation 4', 34, 339747903, '29.99', '0.00', 32, 17, 0, '<p><span>It\'s the fourth quarter and you\'re down by five. The ball is at your opponent\'s eight yard line, and there are only three seconds left in the game. Walking up to the line, you notice a mismatch in your favor on the right side of the field. You hike the ball and drop back to pass just as your receiver gets open in the endzone. That\'s when tragedy strikes — the battery on your controller dies as you\'re sacked to end the game. Make sure your controllers are juiced up and ready for gameplay whenever you are with this<span>&nbsp;</span></span><strong>Charging Station</strong><span>.</span></p><p><br></p><p><span>This<span>&nbsp;</span></span><strong>Charging Station</strong><span><span>&nbsp;</span>lets you easily store and replenish power to up to two PlayStation 4 DualShock 4 or PS Move controllers, so you\'ll never be without the necessary power to dominate the field again. Utilizing AC power, the station delivers swift and efficient charging, so you\'re not waiting around for your controller to re-power. Get back into the game with the help of this&nbsp;</span><strong>Charging Station</strong><span>.</span></p>', '<ul><li>Store and charge up to two DualShock 4 wireless controllers or PS Move controllers with this Charging Station</li><li><br></li><li>Ensures your controllers are powered and ready when you are</li><li><br></li><li>Delivers fast and efficient charging via the included AC adapter</li><li><br></li><li>Includes the Charging Station, two DualShock 4 charging adapters, AC power cord, AC adapter and an owner\'s manual</li></ul><p><br></p><p><br></p>', '2016-04-27 21:05:52', '2016-04-27 21:05:52'),
(53, 'Uncharted 4: A Thief\'s End - PlayStation 4', 93, 411631443, '59.99', '0.00', 33, 17, 0, '<p><strong>Uncharted 4 A Thief\'s End Pre-Order - PlayStation 4 [Digital Download Add-On]</strong></p><p>Pre-order UNCHARTED 4 A Thief\'s End and receive the following itemsHeist Drake Outfit and UNCHARTED Drake\'s Fortune Outfit - Instantly unlock and equip across both competitive and cooperative play.Golden Weapon Skin - Instantly unlock and apply to all weapons in UNCHARTED 4 A Thief\'s End Multiplayer.Naughty Dog Points in-game currency to unlock various multiplayer content</p><p><em>Pre-order. Release date: 05/10/2016</em></p><p><br></p>', '<ul><li><strong>Pre-order now for the following bonuses:&nbsp;</strong></li><li><strong></strong><br></li><li>Heist Drake and Uncharted: Drake\'s Fortune outfits for competitive and co-op play and the Golden Weapon skin and Uncharted Points for all multiplayer benefits.</li><li><br></li><li>Enjoy the latest chapter in the Uncharted series - Uncharted 4: A Thief\'s End - a dynamic RPG packed with action.</li><li><br></li><li>Play as Nathan Drake, a retired fortune hunter, who\'s forced back into the world of thieves - but this time the stakes are much more personal.</li><li><br></li><li>Jump into the captivating storyline, which takes place several years after Nathan Drake\'s last adventure.</li><li><br></li><li>Embark on a globe-trotting journey in pursuit of a historical conspiracy behind a fabled pirate treasure.</li><li><br></li><li>Take on your greatest adventure yet as you test your physical limits, resolve and ultimately what you\'re willing to sacrifice to save the ones you love.</li></ul><p><br></p><p><br></p>', '2016-04-27 21:08:44', '2016-04-27 21:08:44'),
(54, 'Grand Theft Auto V - PlayStation 4', 43, 524758607, '39.99', '59.99', 33, 17, 0, '<p><span>Rockstar Games\' critically acclaimed open world comes to a new generation.</span></p><p><br></p><p><span>Enter the lives of three very different criminals, Michael, Franklin and Trevor, as they risk everything in a series of daring and dangerous heists that could set them up for life.</span></p><p><br></p><p><span>Explore the stunning world of Los Santos and Blaine County in the ultimate Grand Theft Auto V experience, featuring a range of technical upgrades and enhancements for new and returning players. In addition to increased draw distances and higher resolution, players can expect a range of additions and improvements, including new weapons, vehicles and activities, additional wildlife, denser traffic, a new foliage system, enhanced damage and weather effects and much more.</span></p><p><br></p><p><span>The biggest, most dynamic and most diverse open world ever created and now packed with layers of new detail, Grand Theft Auto V blends storytelling and gameplay in new ways as players repeatedly jump in and out of the lives of the game\'s three lead characters, playing all sides of the game\'s interwoven story.</span></p><p><br></p><p><strong>Grand Theft Auto V</strong><span><span>&nbsp;</span>also comes with<span>&nbsp;</span></span><strong>Grand Theft Auto Online</strong><span>, the dynamic and ever-evolving<span>&nbsp;</span></span><strong>Grand Theft Auto</strong><span><span>&nbsp;</span>universe with online play now for up to 30 players on PlayStation 4. All existing gameplay upgrades and Rockstar-created content released since the launch of<span>&nbsp;</span></span><strong>Grand Theft Auto Online</strong><span><span>&nbsp;</span>will also be available for the PlayStation 4 with much more to come.</span></p>', '<ul><li>A host of new, exclusive content also awaits for players returning from the PlayStation 3 and Xbox 360 versions, including rare versions of classic vehicles to collect from across the Grand Theft Auto series</li><li><br></li><li>Classic vehicles such as the Dukes, the Dodo Seaplane and a faster, more maneuverable Blimp, plus activities, including wildlife photography and new shooting range challenges, new weapons and more</li><li><br></li><li>Step into the shoes of three criminals in the bleak metropolis of Los Santos and return to the heart-pounding driving action of Grand Theft Auto V, now rendered in high-resolution with enhanced graphical detail for PlayStation 4</li><li><br></li><li>Explore the once glittering streets of Los Santos, a fallen city populated by self-help gurus, hopeful starlets and forgotten celebrities, in an expansive and captivating open world</li><li><br></li><li>Enter the worlds of three criminals from vastly different walks of life as they execute a series of heists that could make them rich — or cost them everything</li><li><br></li><li>Jump between characters to experience every side of the complex, interwoven tale</li><li><br></li><li>Complete Jobs for cash with other players, buy properties, vehicles and character upgrades, cruise through an open world, compete in traditional competitive modes and create and share new content with Grand Theft Auto Online</li><li><br></li><li>Access new Jobs, weapons, a host of vehicles, brand-new properties and player customizations with all new content and gameplay created and released since the launch of Grand Theft Auto Online</li><li><br></li><li>Features the all-new First Person Mode, giving players the chance to explore the incredibly detailed world of Los Santos and Blaine County in an entirely new way across both Story Mode and Grand Theft Auto Online</li><li><br></li><li>Existing players on PlayStation 3 or Xbox 360 will be able to transfer their current Grand Theft Auto Online characters and progression to PlayStation 4</li></ul><p><br></p><p><br></p>', '2016-04-27 21:10:42', '2016-04-27 21:10:42'),
(55, 'The Sims 4 - Windows|Mac', 58, 505594248, '59.99', '0.00', 34, 22, 0, '<p><span>In<span>&nbsp;</span></span><strong>The Sims 3</strong><span>, you got the opportunity to throw open the doors and explore the neighborhood — well in<span>&nbsp;</span></span><strong>The Sims 4</strong><span>, it\'s time to look within the mind, body and heart of your Sims for an amazingly rich and incredibly lifelike story that you won\'t forget. The beauty of<span>&nbsp;</span></span><strong>The Sims</strong><span><span>&nbsp;</span>is that it simulates life and hands the controls over to you, but what is life without emotion? For the first time, your Sims feel and express emotions with a diverse range and depth that can be influenced by other Sims, actions, memories or even the clothing and objects you choose. What could be more true to life than that?</span></p><p><br></p><p><span>With intelligence and emotional depth, your Sims will move, behave and interact more naturally than ever before. From multitasking to expressing their mood through the way they walk, your Sims continually show a greater depth of character that creates a world of possibilities for rich, interesting stories. Choose your Sims\' personalities and select their aspirations, then walk with them down the path toward their lifelong goals through their thoughts, social skills, careers and memories. Besides a greater wealth of emotion,<span>&nbsp;</span></span><strong>The Sims 4</strong><span><span>&nbsp;</span>delivers an array of exciting new features, such as a powerful Create a Sim mode that gives you the freedom to sculpt Sims with tactile precision and a new room-based Build mode to help you construct the home of your dreams. Vibrant new neighborhoods give you a diverse and brilliant variety of lots, while new objects, outfits and traits motivate you to complete events, discover collectibles and unlock achievements. Share it all with your fellow Sims-lovers and download community creations for an all-new look.<span>&nbsp;</span></span><strong>The Sims 4</strong><span><span>&nbsp;</span>inspires greater creativity and longevity from you while delivering deep intelligence and emotion for an unforgettable simulation experience that brings your stories to life.</span></p>', '<ul><li>Simulate life in a deeper and richer way than ever before with more intelligent, more relatable and more emotionally deep Sims who behave and interact based on their emotional states</li><li><br></li><li>Create rich stories with even more possibilities influenced by the rich and diverse range of emotional states your Sims can experience — emotions are influenced by other Sims, actions, events, memories or by the clothing and objects you choose</li><li><br></li><li>Choose the personalities of your Sims and watch them move and act with incredible realism, from multitasking to expressing their emotions by the way they walk</li><li><br></li><li>Select your Sims aspirations and explore their thoughts, social skills, careers and memories as you move along the journey toward achieving their lifelong goals</li><li><br></li><li>Sculpt Sims with tactile precision in a powerful new Create-a-Sim mode, and construct the home of your dreams in the new room-based Build mode</li><li><br></li><li>Select the perfect neighborhood among a vibrant and diverse array of lots for your Sims to live in with vivid visuals that truly bring your Sims\' homes to life</li><li><br></li><li>Take a dip in a pool and interact with the other side with the arrival of ghosts, as The Sims 4 continues to evolve with exciting new features and content</li><li><br></li><li>Discover collectibles, unlock achievements and complete events to earn new objects, outfits and traits</li><li><br></li><li>Join the Sims community to view the Gallery to share your Sims\' household creations and download community creations to give your Sims a new look</li></ul><p><br></p><p><br></p>', '2016-04-27 21:13:43', '2016-04-27 21:13:43'),
(56, 'Fallout 4 - Windows', 29, 943661848, '49.99', '0.00', 34, 23, 0, '<p><span>The epic storylines, adrenaline-pumping action and explosive thrills are back. The<span>&nbsp;</span></span><strong>Fallout</strong><span><span>&nbsp;</span>franchise returns with Fallout 4. Grab your controller and get ready to dive back into the enveloping storyline of this legendary series.</span></p><p><br></p><p><span>Get ready to return to the epic, award-winning franchise with Fallout 4. This newest chapter brings an all-new open-world environment to life, and has been created by Bethesda Game Studios, creators of Game-of-the-Year-award winners<span>&nbsp;</span></span><strong>Fallout 3</strong><span><span>&nbsp;</span>and<span>&nbsp;</span></span><strong>The Elder Scrolls V: Skyrim</strong><span>. Will you be prepared for the next<span>&nbsp;</span></span><strong>Fallout</strong><span><span>&nbsp;</span>installment?</span></p>', '<ul><li>Prepare for an all-new open-world gameplay experience in Fallout 4</li><li><br></li><li>Created by the award-winning Bethesda Game Studios, the studio that brought Fallout 3 and The Elder Scrolls V: Skyrim to life</li><li><br></li><li>Immerse yourself in the enveloping storyline</li></ul><p><br></p><p><br></p>', '2016-04-27 21:16:05', '2016-04-27 21:16:05'),
(57, 'World of Warcraft: Legion - Windows', 33, 176416204, '49.99', '0.00', 34, 23, 0, '<p><span>More information coming soon.</span></p>', '<p><span>More information coming soon</span></p>', '2016-04-27 21:17:18', '2016-04-27 21:17:18'),
(58, 'Plants vs Zombies: Garden Warfare 2 - Windows', 61, 149087455, '59.99', '0.00', 34, 23, 1, '<p><span>The battle for suburbia grows to crazy new heights in Plants vs. Zombies: Garden Warfare 2! In this hilarious, action-packed shooter, zombie leader Dr. Zomboss has strengthened his horde and rebuilt suburbia as a zombie utopia. But hope remains, because for the first time the plants are taking the offensive in an all-out attack to reclaim their turf. Play as the plants in the all-new 24-player Herbal Assault mode, or choose your side in 4-player co-op or Solo Play!</span></p>', '<ul><li><strong>Plants Attack</strong></li><li>— Bring the fight to the zombies for the first time in franchise history. Go on the offensive as the plants in all-new 24-player Herbal Assault mode, or defend Zomburbia in 4-player zombie co-op in Graveyard Ops.</li><li><br></li><li><strong>Characters From All Ages</strong></li><li>— Bring even more strategic depth to this all-out botanical battle with 14 total character classes, and over 100 playable plants and zombies from the past, present, and future.</li><li><br></li><li><strong>Play Your Way</strong></li><li>— With over 7 lawn-inspiring game modes, play in crazy 24-player online battles in Herbal Assault or Gardens &amp; Graveyards, choose the plant or zombie side in 4-player co-op</li><li><br></li><li>Or go solo playing against AI opponents or locally in split-screen co-op across any mode in the game (no Xbox Live Gold or PS Plus required).</li><li><br></li><li><strong>A Living PvZ World</strong></li><li>— The struggle for Suburbia has come into full bloom, with 12 maps bursting with personality and humor, Zombossified cityscapes, and crowded airspaces, all layered with hidden secrets waiting to be discovered.</li><li><br></li><li><strong>The Backyard Battleground</strong></li><li>— Welcome to your very own PvZ playground. In your Backyard Battleground you can edit your character\'s abilities and customizations, choose quests or jump into co-op or multiplayer action modes.</li><li><br></li><li>Invite up to 3 friends in to your backyard to start a party and take on AI — defeat a wave, and more powerful wave will show up. You can also switch teams to challenge your friends!</li><li><br></li><li>It is your own frontline base to plan your attack before you enter the battle for Zomburbia.</li></ul><p><br></p><p><br></p>', '2016-04-27 21:18:46', '2016-04-27 21:18:46'),
(59, 'Astro Gaming - A50 Halo Wireless Dolby 7.1 Surround Sound Gaming Headset', 53, 675987712, '299.99', '0.00', 25, 21, 0, '<p><span>Not everyone is cut out for the adrenaline-pumping world of Master Chief. It takes every ounce of courage, skill and smarts — not to mention — luck — to survive the intense combat of the<span>&nbsp;</span></span><strong>Halo</strong><span><span>&nbsp;</span>franchise. The best soldiers bring the right abilities and tools to the battlefield, and you\'re no exception. You need to maintain constant communication with your comrades and total awareness of your environment. When every approaching footstep could announce a hail of bullets, clear, detailed game audio is crucial.</span></p><p><br></p><p><span>Get lost in the sonic world of the<span>&nbsp;</span></span><strong>Halo</strong><span><span>&nbsp;</span>franchise with this<span>&nbsp;</span></span><strong>A50 Halo Wireless Dolby 7.1 Gaming Headset</strong><span>, which delivers arresting audio performance when connected to your Xbox One. Eliminate the need for cords and cables with wireless technology that makes connectivity simple. Experience rich, dynamic audio with striking detail thanks to Dolby 7.1 surround sound. Customize audio output with three varied EQ settings that let you fine-tune sonic output to your liking. When clear communication is critical, the unidirectional microphone ensures that your voice is clearly heard. Play through the longest missions in comfort with plush cushions and a lightweight, adjustable design. At the end of the day the headset can be neatly stored on the included stand.</span></p>', '<ul><li>Experience all the lush, full-bodied audio of the Halo franchise with this headset and the included MixAmp TX, AG1, display stand, 1.6\' micro USB cable, 3.3\' AG1 Xbox One chat cable, 3.3\' micro USB cable and 3.3\' TOSlink optical cable</li><li><br></li><li>Connect to your console without wires thanks to wireless technology</li><li><br></li><li>Immerse yourself in clear, robust audio with Dolby 7.1 surround sound</li><li><br></li><li>Fine-tune sound to your liking with three varied EQ modes</li><li><br></li><li>Communicate clearly during chats with the unidirectional microphone</li><li><br></li><li>Stay comfortable during long gaming sessions with plush cushions and a lightweight, adjustable design</li><li><br></li><li>Store your headset when not in use on the included stand</li><li><br></li><li>Show off your fan status with the Halo-inspired design</li><li><br></li><li>Compatible with Xbox One</li><li><br></li><li>For ages 5 and up</li></ul><p><br></p><p><br></p>', '2016-04-27 21:21:38', '2016-04-27 21:26:22'),
(60, 'Apple - iPhone 6s Plus 64GB - Gold', 49, 294551300, '699.99', '0.00', 17, 1, 0, '<p><span>A 5.5-inch Retina HD display with 3D Touch. 7000 series aluminum and stronger cover glass. An A9 chip with 64-bit desktop-class architecture. All new 12MP iSight camera with Live Photos. Touch ID. Faster LTE and Wi-Fi. Long battery life and iOS 9 and iCloud. All in a smooth, continuous unibody design.</span></p>', '<ul><li>5.5-inch (diagonal) Retina HD display with 1920-by-1080 resolution</li><li><br></li><li>3D Touch</li><li><br></li><li>A9 chip with M9 motion coprocessor</li><li><br></li><li>12MP iSight camera with Focus Pixels, True Tone flash and Live Photos</li><li><br></li><li>4K video recording at 30 fps and slo-mo video recording for 1080p at 120 fps</li><li><br></li><li>5MP FaceTime HD camera with Retina Flash</li><li><br></li><li>Second-generation Touch ID</li><li><br></li><li>LTE Advanced1 and 802.11a/b/g/n/ac and Wi-Fi with MIMO</li><li><br></li><li>iOS 9 and iCloud</li><li><br></li><li>™ and © 2015 Apple Inc. All rights reserved.</li><li><br></li><li>*Phone activation required before use.</li><li><br></li><li>¹Data plan required. LTE is available in select markets and through select carriers. Speeds will vary based on site conditions. For details on LTE support, contact your carrier and see www.apple.com/iphone/LTE.</li><li><br></li><li>Apple, the Apple logo, FaceTime, iPhone, iSight, and Retina are trademarks of Apple Inc., registered in the U.S. and other countries.</li><li><br></li><li>iCloud is a service mark of Apple Inc., registered in the U.S. and other countries.</li></ul><p><br></p><p><br></p>', '2016-04-27 21:28:36', '2016-04-27 21:28:36'),
(61, 'LG - 55 Class - LED - 1080p - Smart - HDTV ', 39, 378935315, '699.99', '899.99', 10, 11, 0, '<p><span>Widen your horizons with this LG 55-inch HD television, and enjoy bold graphics that put you in the middle of the action. HD technology offers sharp images, and Smart technology lets you stream Netflix, Youtube, Hulu and other online video services. This LG 55-inch HD television is ENERGY STAR rated, letting you save both the environment and electricity.</span></p>', '<ul><li><strong>54.6\" screen (measured diagonally from corner to corner)</strong></li><li>Large enough to provide an immersive experience for everyone in the room.</li><li><br></li><li><strong>LED TVs perform well in all lighting conditions</strong></li><li>They also deliver plasma-like deep blacks and rich colors.</li><li><br></li><li><strong>1080p resolution for stunning HD images</strong></li><li>Watch Blu-ray movies and 1080p HD content at their highest level of detail.</li><li><br></li><li><strong>60Hz refresh rate</strong></li><li>Images refresh 60 times per second for basic performance during fast-motion scenes.</li><li><strong><br></strong></li><li><strong>Smart TV delivers a huge world of entertainment</strong></li><li>Stream movies, videos, music and more, and use the included Web browser to surf your favorite websites.</li><li><br></li><li><strong>Advanced TV sound</strong></li><li>Two 10 Watt speakers and Virtual Surround Plus</li><li><br></li><li><strong>2 HDMI inputs for the best home theater connection</strong></li><li>High-speed HDMI delivers a full 1080p picture and digital surround sound in one convenient cable. HDMI cable not included.</li><li><br></li><li><strong>1 USB input</strong></li><li>Easily connect your digital camera, camcorder or other USB device.</li><li><br></li></ul><p><br></p>', '2016-04-27 21:32:42', '2016-04-27 21:32:42');

-- --------------------------------------------------------

--
-- Table structure for table `product_images`
--

CREATE TABLE `product_images` (
  `id` int(10) UNSIGNED NOT NULL,
  `product_id` int(10) UNSIGNED NOT NULL,
  `name` varchar(255) COLLATE utf8_unicode_ci NOT NULL,
  `path` varchar(255) COLLATE utf8_unicode_ci NOT NULL,
  `thumbnail_path` varchar(255) COLLATE utf8_unicode_ci NOT NULL,
  `featured` tinyint(1) NOT NULL DEFAULT '0',
  `created_at` timestamp NULL DEFAULT NULL,
  `updated_at` timestamp NULL DEFAULT NULL
) ENGINE=InnoDB DEFAULT CHARSET=utf8 COLLATE=utf8_unicode_ci;

--
-- Dumping data for table `product_images`
--

INSERT INTO `product_images` (`id`, `product_id`, `name`, `path`, `thumbnail_path`, `featured`, `created_at`, `updated_at`) VALUES
(1, 1, 'a372829277cab311ebfdbdc4698d404bed09c34a.jpg', 'ProductPhotos/photos/a372829277cab311ebfdbdc4698d404bed09c34a.jpg', 'ProductPhotos/photos/th-a556f4a07c2bb51be3d290b9e87fa9bc7fec0157.jpg', 0, '2016-04-26 21:27:13', '2016-04-26 21:28:05'),
(2, 1, 'b95144289cde4e7b6937ad761b39e4a7fdc77cf5.jpg', 'ProductPhotos/photos/b95144289cde4e7b6937ad761b39e4a7fdc77cf5.jpg', 'ProductPhotos/photos/th-a556f4a07c2bb51be3d290b9e87fa9bc7fec0157.jpg', 0, '2016-04-26 21:27:13', '2016-04-26 21:28:05'),
(3, 1, '882f191cb2dedf979546f4fd103fc1c967183b99.jpg', 'ProductPhotos/photos/882f191cb2dedf979546f4fd103fc1c967183b99.jpg', 'ProductPhotos/photos/th-a556f4a07c2bb51be3d290b9e87fa9bc7fec0157.jpg', 1, '2016-04-26 21:27:13', '2016-04-26 21:28:05'),
(4, 1, '665ffd476feb12cce2f002ab4ec43c3070e8c37a.jpg', 'ProductPhotos/photos/665ffd476feb12cce2f002ab4ec43c3070e8c37a.jpg', 'ProductPhotos/photos/th-665ffd476feb12cce2f002ab4ec43c3070e8c37a.jpg', 0, '2016-04-26 21:27:13', '2016-04-26 21:28:05'),
(5, 1, '8e29054dfb502139c2d6292d663d61f4960475c5.jpg', 'ProductPhotos/photos/8e29054dfb502139c2d6292d663d61f4960475c5.jpg', 'ProductPhotos/photos/th-8e29054dfb502139c2d6292d663d61f4960475c5.jpg', 0, '2016-04-26 21:27:13', '2016-04-26 21:28:05'),
(6, 1, 'bffdd7ac95b53c7b22161dd5328b17292ae6b487.jpg', 'ProductPhotos/photos/bffdd7ac95b53c7b22161dd5328b17292ae6b487.jpg', 'ProductPhotos/photos/th-bffdd7ac95b53c7b22161dd5328b17292ae6b487.jpg', 0, '2016-04-26 21:27:13', '2016-04-26 21:28:05'),
(8, 2, '770776ddb516f9f03b5936335eaa78f4c3f6f1d1.jpg', 'ProductPhotos/photos/770776ddb516f9f03b5936335eaa78f4c3f6f1d1.jpg', 'ProductPhotos/photos/th-770776ddb516f9f03b5936335eaa78f4c3f6f1d1.jpg', 0, '2016-04-26 21:34:05', '2016-04-26 21:36:13'),
(9, 2, '8dde09c152c6eb3d3e7e9e1a2f789e078a366481.jpg', 'ProductPhotos/photos/8dde09c152c6eb3d3e7e9e1a2f789e078a366481.jpg', 'ProductPhotos/photos/th-8dde09c152c6eb3d3e7e9e1a2f789e078a366481.jpg', 0, '2016-04-26 21:34:06', '2016-04-26 21:36:13'),
(10, 2, '6ec3afc054dd24493871b573852718753c8bf630.jpg', 'ProductPhotos/photos/6ec3afc054dd24493871b573852718753c8bf630.jpg', 'ProductPhotos/photos/th-6ec3afc054dd24493871b573852718753c8bf630.jpg', 0, '2016-04-26 21:34:06', '2016-04-26 21:36:13'),
(11, 2, 'ba30e96844d51d88fe5cea492cd9a6af2dd10293.jpg', 'ProductPhotos/photos/ba30e96844d51d88fe5cea492cd9a6af2dd10293.jpg', 'ProductPhotos/photos/th-a556f4a07c2bb51be3d290b9e87fa9bc7fec0157.jpg', 1, '2016-04-26 21:36:07', '2016-04-26 21:36:13'),
(12, 3, 'f85a61c67c17f31938c4426f186da98370225823.jpg', 'ProductPhotos/photos/f85a61c67c17f31938c4426f186da98370225823.jpg', 'ProductPhotos/photos/th-a556f4a07c2bb51be3d290b9e87fa9bc7fec0157.jpg', 1, '2016-04-26 21:44:08', '2016-04-26 21:44:21'),
(13, 3, '36a5dc0c86b27bd82f8aaafaad84a715e0278e78.jpg', 'ProductPhotos/photos/36a5dc0c86b27bd82f8aaafaad84a715e0278e78.jpg', 'ProductPhotos/photos/th-36a5dc0c86b27bd82f8aaafaad84a715e0278e78.jpg', 0, '2016-04-26 21:44:08', '2016-04-26 21:44:21'),
(14, 3, 'a9028b81e5539b1961e5531f8b1eadac271e1554.jpg', 'ProductPhotos/photos/a9028b81e5539b1961e5531f8b1eadac271e1554.jpg', 'ProductPhotos/photos/th-a9028b81e5539b1961e5531f8b1eadac271e1554.jpg', 0, '2016-04-26 21:44:08', '2016-04-26 21:44:21'),
(15, 3, '5a9091a3a890dd2228fd5ea4e9e1f6b3877e9ee2.jpg', 'ProductPhotos/photos/5a9091a3a890dd2228fd5ea4e9e1f6b3877e9ee2.jpg', 'ProductPhotos/photos/th-5a9091a3a890dd2228fd5ea4e9e1f6b3877e9ee2.jpg', 0, '2016-04-26 21:44:09', '2016-04-26 21:44:21'),
(16, 3, '6a08341c1581ccd1efe9b2955c9d23ca0b1892ee.jpg', 'ProductPhotos/photos/6a08341c1581ccd1efe9b2955c9d23ca0b1892ee.jpg', 'ProductPhotos/photos/th-6a08341c1581ccd1efe9b2955c9d23ca0b1892ee.jpg', 0, '2016-04-26 21:44:09', '2016-04-26 21:44:21'),
(17, 3, 'cb4b6d39c725de59ce4c646ceef95b221da4671c.jpg', 'ProductPhotos/photos/cb4b6d39c725de59ce4c646ceef95b221da4671c.jpg', 'ProductPhotos/photos/th-cb4b6d39c725de59ce4c646ceef95b221da4671c.jpg', 0, '2016-04-26 21:44:09', '2016-04-26 21:44:21'),
(18, 3, 'cf9d06abb52cc3275e527925885c702bf3bf6a58.jpg', 'ProductPhotos/photos/cf9d06abb52cc3275e527925885c702bf3bf6a58.jpg', 'ProductPhotos/photos/th-cf9d06abb52cc3275e527925885c702bf3bf6a58.jpg', 0, '2016-04-26 21:44:10', '2016-04-26 21:44:21'),
(19, 3, 'dd7eb0e593561fa197776c8fbd9f3243bff5ddf9.jpg', 'ProductPhotos/photos/dd7eb0e593561fa197776c8fbd9f3243bff5ddf9.jpg', 'ProductPhotos/photos/th-dd7eb0e593561fa197776c8fbd9f3243bff5ddf9.jpg', 0, '2016-04-26 21:44:10', '2016-04-26 21:44:21'),
(20, 4, '920a961555bb9c7bd12ad259f0f9cc3b0bb0f855.jpg', 'ProductPhotos/photos/920a961555bb9c7bd12ad259f0f9cc3b0bb0f855.jpg', 'ProductPhotos/photos/th-a556f4a07c2bb51be3d290b9e87fa9bc7fec0157.jpg', 1, '2016-04-26 21:49:37', '2016-04-26 21:49:42');

-- --------------------------------------------------------

--
-- Table structure for table `users`
--

CREATE TABLE `users` (
  `id` int(10) UNSIGNED NOT NULL,
  `username` varchar(255) COLLATE utf8_unicode_ci NOT NULL,
  `email` varchar(255) COLLATE utf8_unicode_ci NOT NULL,
  `password` varchar(255) COLLATE utf8_unicode_ci NOT NULL,
  `last_login` timestamp NOT NULL DEFAULT CURRENT_TIMESTAMP ON UPDATE CURRENT_TIMESTAMP,
  `verified` tinyint(1) NOT NULL DEFAULT '0',
  `token` varchar(255) COLLATE utf8_unicode_ci DEFAULT NULL,
  `admin` int(11) NOT NULL,
  `remember_token` varchar(100) COLLATE utf8_unicode_ci DEFAULT NULL,
  `created_at` timestamp NULL DEFAULT NULL,
  `updated_at` timestamp NULL DEFAULT NULL
) ENGINE=InnoDB DEFAULT CHARSET=utf8 COLLATE=utf8_unicode_ci;

--
-- Indexes for dumped tables
--

--
-- Indexes for table `brands`
--
ALTER TABLE `brands`
  ADD PRIMARY KEY (`id`);

--
-- Indexes for table `carts`
--
ALTER TABLE `carts`
  ADD PRIMARY KEY (`id`);

--
-- Indexes for table `categories`
--
ALTER TABLE `categories`
  ADD PRIMARY KEY (`id`);

--
-- Indexes for table `orders`
--
ALTER TABLE `orders`
  ADD PRIMARY KEY (`id`);

--
-- Indexes for table `order_product`
--
ALTER TABLE `order_product`
  ADD PRIMARY KEY (`id`);

--
-- Indexes for table `password_resets`
--
ALTER TABLE `password_resets`
  ADD KEY `password_resets_email_index` (`email`),
  ADD KEY `password_resets_token_index` (`token`);

--
-- Indexes for table `products`
--
ALTER TABLE `products`
  ADD PRIMARY KEY (`id`);

--
-- Indexes for table `product_images`
--
ALTER TABLE `product_images`
  ADD PRIMARY KEY (`id`),
  ADD KEY `product_images_product_id_foreign` (`product_id`);

--
-- Indexes for table `users`
--
ALTER TABLE `users`
  ADD PRIMARY KEY (`id`),
  ADD UNIQUE KEY `users_email_unique` (`email`);

--
-- AUTO_INCREMENT for dumped tables
--

--
-- AUTO_INCREMENT for table `brands`
--
ALTER TABLE `brands`
  MODIFY `id` int(10) UNSIGNED NOT NULL AUTO_INCREMENT, AUTO_INCREMENT=24;
--
-- AUTO_INCREMENT for table `carts`
--
ALTER TABLE `carts`
  MODIFY `id` int(10) UNSIGNED NOT NULL AUTO_INCREMENT, AUTO_INCREMENT=13;
--
-- AUTO_INCREMENT for table `categories`
--
ALTER TABLE `categories`
  MODIFY `id` int(10) UNSIGNED NOT NULL AUTO_INCREMENT, AUTO_INCREMENT=35;
--
-- AUTO_INCREMENT for table `orders`
--
ALTER TABLE `orders`
  MODIFY `id` int(10) UNSIGNED NOT NULL AUTO_INCREMENT, AUTO_INCREMENT=7;
--
-- AUTO_INCREMENT for table `order_product`
--
ALTER TABLE `order_product`
  MODIFY `id` int(10) UNSIGNED NOT NULL AUTO_INCREMENT, AUTO_INCREMENT=9;
--
-- AUTO_INCREMENT for table `products`
--
ALTER TABLE `products`
  MODIFY `id` int(10) UNSIGNED NOT NULL AUTO_INCREMENT, AUTO_INCREMENT=62;
--
-- AUTO_INCREMENT for table `product_images`
--
ALTER TABLE `product_images`
  MODIFY `id` int(10) UNSIGNED NOT NULL AUTO_INCREMENT, AUTO_INCREMENT=21;
--
-- AUTO_INCREMENT for table `users`
--
ALTER TABLE `users`
  MODIFY `id` int(10) UNSIGNED NOT NULL AUTO_INCREMENT;
--
-- Constraints for dumped tables
--

--
-- Constraints for table `product_images`
--
ALTER TABLE `product_images`
  ADD CONSTRAINT `product_images_product_id_foreign` FOREIGN KEY (`product_id`) REFERENCES `products` (`id`) ON DELETE CASCADE;

/*!40101 SET CHARACTER_SET_CLIENT=@OLD_CHARACTER_SET_CLIENT */;
/*!40101 SET CHARACTER_SET_RESULTS=@OLD_CHARACTER_SET_RESULTS */;
/*!40101 SET COLLATION_CONNECTION=@OLD_COLLATION_CONNECTION */;
